city,datetime,timezone,discharge,gauge_lvl
Mount Vernon,2020-01-31 00:00,PST,24700,18.24
Mount Vernon,2020-01-31 00:15,PST,24800,18.26
Mount Vernon,2020-01-31 00:30,PST,24700,18.22
Mount Vernon,2020-01-31 00:45,PST,24700,18.22
Mount Vernon,2020-01-31 01:00,PST,24700,18.22
Mount Vernon,2020-01-31 01:15,PST,24700,18.23
Mount Vernon,2020-01-31 01:30,PST,24700,18.23
Mount Vernon,2020-01-31 01:45,PST,24700,18.24
Mount Vernon,2020-01-31 02:00,PST,24800,18.25
Mount Vernon,2020-01-31 02:15,PST,24700,18.24
Mount Vernon,2020-01-31 02:30,PST,24800,18.25
Mount Vernon,2020-01-31 02:45,PST,24800,18.27
Mount Vernon,2020-01-31 03:00,PST,24900,18.29
Mount Vernon,2020-01-31 03:15,PST,24900,18.29
Mount Vernon,2020-01-31 03:30,PST,25000,18.31
Mount Vernon,2020-01-31 03:45,PST,25000,18.33
Mount Vernon,2020-01-31 04:00,PST,25100,18.35
Mount Vernon,2020-01-31 04:15,PST,25100,18.36
Mount Vernon,2020-01-31 04:30,PST,25200,18.39
Mount Vernon,2020-01-31 04:45,PST,25200,18.4
Mount Vernon,2020-01-31 05:00,PST,25300,18.43
Mount Vernon,2020-01-31 05:15,PST,25400,18.45
Mount Vernon,2020-01-31 05:30,PST,25500,18.47
Mount Vernon,2020-01-31 05:45,PST,25500,18.5
Mount Vernon,2020-01-31 06:00,PST,25600,18.52
Mount Vernon,2020-01-31 06:15,PST,25700,18.54
Mount Vernon,2020-01-31 06:30,PST,25800,18.58
Mount Vernon,2020-01-31 06:45,PST,25900,18.61
Mount Vernon,2020-01-31 07:00,PST,25900,18.62
Mount Vernon,2020-01-31 07:15,PST,26000,18.66
Mount Vernon,2020-01-31 07:30,PST,26100,18.69
Mount Vernon,2020-01-31 07:45,PST,26100,18.69
Mount Vernon,2020-01-31 08:00,PST,26300,18.73
Mount Vernon,2020-01-31 08:15,PST,26400,18.76
Mount Vernon,2020-01-31 08:30,PST,26400,18.77
Mount Vernon,2020-01-31 08:45,PST,26500,18.8
Mount Vernon,2020-01-31 09:00,PST,26600,18.83
Mount Vernon,2020-01-31 09:15,PST,26600,18.84
Mount Vernon,2020-01-31 09:30,PST,26800,18.89
Mount Vernon,2020-01-31 09:45,PST,26900,18.92
Mount Vernon,2020-01-31 10:00,PST,26900,18.94
Mount Vernon,2020-01-31 10:15,PST,27000,18.97
Mount Vernon,2020-01-31 10:30,PST,27100,18.98
Mount Vernon,2020-01-31 10:45,PST,27200,19.02
Mount Vernon,2020-01-31 11:00,PST,27200,19.02
Mount Vernon,2020-01-31 11:15,PST,27400,19.1
Mount Vernon,2020-01-31 11:30,PST,27300,19.07
Mount Vernon,2020-01-31 11:45,PST,27600,19.15
Mount Vernon,2020-01-31 12:00,PST,27600,19.15
Mount Vernon,2020-01-31 12:15,PST,27700,19.18
Mount Vernon,2020-01-31 12:30,PST,27800,19.2
Mount Vernon,2020-01-31 12:45,PST,27900,19.23
Mount Vernon,2020-01-31 13:00,PST,28000,19.26
Mount Vernon,2020-01-31 13:15,PST,28200,19.33
Mount Vernon,2020-01-31 13:30,PST,28200,19.35
Mount Vernon,2020-01-31 13:45,PST,28400,19.39
Mount Vernon,2020-01-31 14:00,PST,28400,19.41
Mount Vernon,2020-01-31 14:15,PST,28600,19.46
Mount Vernon,2020-01-31 14:30,PST,28800,19.52
Mount Vernon,2020-01-31 14:45,PST,29000,19.57
Mount Vernon,2020-01-31 15:00,PST,29100,19.6
Mount Vernon,2020-01-31 15:15,PST,29300,19.67
Mount Vernon,2020-01-31 15:30,PST,29400,19.69
Mount Vernon,2020-01-31 15:45,PST,29600,19.77
Mount Vernon,2020-01-31 16:00,PST,29800,19.82
Mount Vernon,2020-01-31 16:15,PST,30000,19.88
Mount Vernon,2020-01-31 16:30,PST,30000,19.89
Mount Vernon,2020-01-31 16:45,PST,30300,19.96
Mount Vernon,2020-01-31 17:00,PST,30500,20.02
Mount Vernon,2020-01-31 17:15,PST,30700,20.08
Mount Vernon,2020-01-31 17:30,PST,30800,20.11
Mount Vernon,2020-01-31 17:45,PST,31000,20.16
Mount Vernon,2020-01-31 18:00,PST,31300,20.26
Mount Vernon,2020-01-31 18:15,PST,31400,20.28
Mount Vernon,2020-01-31 18:30,PST,31600,20.35
Mount Vernon,2020-01-31 18:45,PST,31900,20.44
Mount Vernon,2020-01-31 19:00,PST,32100,20.5
Mount Vernon,2020-01-31 19:15,PST,32200,20.52
Mount Vernon,2020-01-31 19:30,PST,32500,20.61
Mount Vernon,2020-01-31 19:45,PST,32700,20.67
Mount Vernon,2020-01-31 20:00,PST,32900,20.72
Mount Vernon,2020-01-31 20:15,PST,33100,20.78
Mount Vernon,2020-01-31 20:30,PST,33400,20.85
Mount Vernon,2020-01-31 20:45,PST,33600,20.9
Mount Vernon,2020-01-31 21:00,PST,33800,20.97
Mount Vernon,2020-01-31 21:15,PST,34000,21.03
Mount Vernon,2020-01-31 21:30,PST,34200,21.09
Mount Vernon,2020-01-31 21:45,PST,34500,21.17
Mount Vernon,2020-01-31 22:00,PST,34700,21.22
Mount Vernon,2020-01-31 22:15,PST,34900,21.26
Mount Vernon,2020-01-31 22:30,PST,35200,21.34
Mount Vernon,2020-01-31 22:45,PST,35500,21.43
Mount Vernon,2020-01-31 23:00,PST,35600,21.47
Mount Vernon,2020-01-31 23:15,PST,36000,21.58
Mount Vernon,2020-01-31 23:30,PST,36200,21.62
Mount Vernon,2020-01-31 23:45,PST,36500,21.71
Mount Vernon,2020-02-01 00:00,PST,36700,21.75
Mount Vernon,2020-02-01 00:15,PST,36900,21.82
Mount Vernon,2020-02-01 00:30,PST,37200,21.9
Mount Vernon,2020-02-01 00:45,PST,37600,21.98
Mount Vernon,2020-02-01 01:00,PST,37900,22.06
Mount Vernon,2020-02-01 01:15,PST,38200,22.14
Mount Vernon,2020-02-01 01:30,PST,38500,22.23
Mount Vernon,2020-02-01 01:45,PST,38700,22.28
Mount Vernon,2020-02-01 02:00,PST,39100,22.37
Mount Vernon,2020-02-01 02:15,PST,39300,22.43
Mount Vernon,2020-02-01 02:30,PST,39600,22.5
Mount Vernon,2020-02-01 02:45,PST,39900,22.59
Mount Vernon,2020-02-01 03:00,PST,40300,22.69
Mount Vernon,2020-02-01 03:15,PST,40600,22.76
Mount Vernon,2020-02-01 03:30,PST,41000,22.87
Mount Vernon,2020-02-01 03:45,PST,41300,22.93
Mount Vernon,2020-02-01 04:00,PST,41700,23.04
Mount Vernon,2020-02-01 04:15,PST,42100,23.13
Mount Vernon,2020-02-01 04:30,PST,42400,23.2
Mount Vernon,2020-02-01 04:45,PST,42700,23.29
Mount Vernon,2020-02-01 05:00,PST,43200,23.41
Mount Vernon,2020-02-01 05:15,PST,43700,23.52
Mount Vernon,2020-02-01 05:30,PST,44100,23.62
Mount Vernon,2020-02-01 05:45,PST,44500,23.72
Mount Vernon,2020-02-01 06:00,PST,44800,23.8
Mount Vernon,2020-02-01 06:15,PST,45400,23.94
Mount Vernon,2020-02-01 06:30,PST,45800,24.02
Mount Vernon,2020-02-01 06:45,PST,46400,24.16
Mount Vernon,2020-02-01 07:00,PST,46700,24.23
Mount Vernon,2020-02-01 07:15,PST,47200,24.36
Mount Vernon,2020-02-01 07:30,PST,47700,24.46
Mount Vernon,2020-02-01 07:45,PST,48200,24.58
Mount Vernon,2020-02-01 08:00,PST,48700,24.7
Mount Vernon,2020-02-01 08:15,PST,49200,24.81
Mount Vernon,2020-02-01 08:30,PST,49600,24.89
Mount Vernon,2020-02-01 08:45,PST,50200,25.04
Mount Vernon,2020-02-01 09:00,PST,50800,25.16
Mount Vernon,2020-02-01 09:15,PST,51300,25.27
Mount Vernon,2020-02-01 09:30,PST,51800,25.38
Mount Vernon,2020-02-01 09:45,PST,52300,25.51
Mount Vernon,2020-02-01 10:00,PST,52800,25.62
Mount Vernon,2020-02-01 10:15,PST,53200,25.7
Mount Vernon,2020-02-01 10:30,PST,53800,25.82
Mount Vernon,2020-02-01 10:45,PST,54300,25.94
Mount Vernon,2020-02-01 11:00,PST,54800,26.04
Mount Vernon,2020-02-01 11:15,PST,55300,26.14
Mount Vernon,2020-02-01 11:30,PST,56000,26.29
Mount Vernon,2020-02-01 11:45,PST,56400,26.37
Mount Vernon,2020-02-01 12:00,PST,56800,26.46
Mount Vernon,2020-02-01 12:15,PST,57200,26.55
Mount Vernon,2020-02-01 12:30,PST,57700,26.65
Mount Vernon,2020-02-01 12:45,PST,58100,26.73
Mount Vernon,2020-02-01 13:00,PST,58600,26.83
Mount Vernon,2020-02-01 13:15,PST,59100,26.93
Mount Vernon,2020-02-01 13:30,PST,59500,27.02
Mount Vernon,2020-02-01 13:45,PST,59900,27.11
Mount Vernon,2020-02-01 14:00,PST,60400,27.2
Mount Vernon,2020-02-01 14:15,PST,60700,27.26
Mount Vernon,2020-02-01 14:30,PST,61000,27.33
Mount Vernon,2020-02-01 14:45,PST,61400,27.41
Mount Vernon,2020-02-01 15:00,PST,61800,27.49
Mount Vernon,2020-02-01 15:15,PST,62200,27.57
Mount Vernon,2020-02-01 15:30,PST,62500,27.63
Mount Vernon,2020-02-01 15:45,PST,62900,27.7
Mount Vernon,2020-02-01 16:00,PST,63200,27.76
Mount Vernon,2020-02-01 16:15,PST,63700,27.86
Mount Vernon,2020-02-01 16:30,PST,63900,27.91
Mount Vernon,2020-02-01 16:45,PST,64100,27.95
Mount Vernon,2020-02-01 17:00,PST,64500,28.02
Mount Vernon,2020-02-01 17:15,PST,64800,28.08
Mount Vernon,2020-02-01 17:30,PST,65100,28.13
Mount Vernon,2020-02-01 17:45,PST,65400,28.19
Mount Vernon,2020-02-01 18:00,PST,65600,28.24
Mount Vernon,2020-02-01 18:15,PST,65800,28.28
Mount Vernon,2020-02-01 18:30,PST,66200,28.35
Mount Vernon,2020-02-01 18:45,PST,66400,28.39
Mount Vernon,2020-02-01 19:00,PST,66600,28.42
Mount Vernon,2020-02-01 19:15,PST,66800,28.46
Mount Vernon,2020-02-01 19:30,PST,67100,28.52
Mount Vernon,2020-02-01 19:45,PST,67100,28.53
Mount Vernon,2020-02-01 20:00,PST,67500,28.6
Mount Vernon,2020-02-01 20:15,PST,67700,28.63
Mount Vernon,2020-02-01 20:30,PST,67800,28.66
Mount Vernon,2020-02-01 20:45,PST,68100,28.72
Mount Vernon,2020-02-01 21:00,PST,68500,28.78
Mount Vernon,2020-02-01 21:15,PST,68500,28.78
Mount Vernon,2020-02-01 21:30,PST,68900,28.86
Mount Vernon,2020-02-01 21:45,PST,68900,28.87
Mount Vernon,2020-02-01 22:00,PST,69200,28.92
Mount Vernon,2020-02-01 22:15,PST,69400,28.96
Mount Vernon,2020-02-01 22:30,PST,69800,29.02
Mount Vernon,2020-02-01 22:45,PST,69800,29.03
Mount Vernon,2020-02-01 23:00,PST,70000,29.06
Mount Vernon,2020-02-01 23:15,PST,70100,29.08
Mount Vernon,2020-02-01 23:30,PST,70500,29.14
Mount Vernon,2020-02-01 23:45,PST,70500,29.14
Mount Vernon,2020-02-02 00:00,PST,70800,29.19
Mount Vernon,2020-02-02 00:15,PST,70900,29.21
Mount Vernon,2020-02-02 00:30,PST,71000,29.22
Mount Vernon,2020-02-02 00:45,PST,71200,29.26
Mount Vernon,2020-02-02 01:00,PST,71200,29.26
Mount Vernon,2020-02-02 01:15,PST,71400,29.28
Mount Vernon,2020-02-02 01:30,PST,71400,29.28
Mount Vernon,2020-02-02 01:45,PST,71600,29.31
Mount Vernon,2020-02-02 02:00,PST,71700,29.33
Mount Vernon,2020-02-02 02:15,PST,72100,29.39
Mount Vernon,2020-02-02 02:30,PST,71900,29.37
Mount Vernon,2020-02-02 02:45,PST,72100,29.39
Mount Vernon,2020-02-02 03:00,PST,72100,29.4
Mount Vernon,2020-02-02 03:15,PST,72100,29.4
Mount Vernon,2020-02-02 03:30,PST,72100,29.39
Mount Vernon,2020-02-02 03:45,PST,72200,29.41
Mount Vernon,2020-02-02 04:00,PST,72200,29.41
Mount Vernon,2020-02-02 04:15,PST,72300,29.43
Mount Vernon,2020-02-02 04:30,PST,72300,29.43
Mount Vernon,2020-02-02 04:45,PST,72400,29.44
Mount Vernon,2020-02-02 05:00,PST,72300,29.43
Mount Vernon,2020-02-02 05:15,PST,72300,29.43
Mount Vernon,2020-02-02 05:30,PST,72300,29.42
Mount Vernon,2020-02-02 05:45,PST,72300,29.43
Mount Vernon,2020-02-02 06:00,PST,72400,29.45
Mount Vernon,2020-02-02 06:15,PST,72200,29.41
Mount Vernon,2020-02-02 06:30,PST,72300,29.42
Mount Vernon,2020-02-02 06:45,PST,72100,29.4
Mount Vernon,2020-02-02 07:00,PST,72100,29.39
Mount Vernon,2020-02-02 07:15,PST,71900,29.37
Mount Vernon,2020-02-02 07:30,PST,72100,29.39
Mount Vernon,2020-02-02 07:45,PST,71900,29.36
Mount Vernon,2020-02-02 08:00,PST,71800,29.34
Mount Vernon,2020-02-02 08:15,PST,71900,29.36
Mount Vernon,2020-02-02 08:30,PST,71800,29.35
Mount Vernon,2020-02-02 08:45,PST,71700,29.33
Mount Vernon,2020-02-02 09:00,PST,71500,29.3
Mount Vernon,2020-02-02 09:15,PST,71300,29.27
Mount Vernon,2020-02-02 09:30,PST,71300,29.27
Mount Vernon,2020-02-02 09:45,PST,71200,29.25
Mount Vernon,2020-02-02 10:00,PST,71100,29.23
Mount Vernon,2020-02-02 10:15,PST,70700,29.17
Mount Vernon,2020-02-02 10:30,PST,70600,29.16
Mount Vernon,2020-02-02 10:45,PST,70200,29.1
Mount Vernon,2020-02-02 11:00,PST,70200,29.1
Mount Vernon,2020-02-02 11:15,PST,69900,29.05
Mount Vernon,2020-02-02 11:30,PST,69800,29.03
Mount Vernon,2020-02-02 11:45,PST,69300,28.94
Mount Vernon,2020-02-02 12:00,PST,69300,28.94
Mount Vernon,2020-02-02 12:15,PST,69100,28.9
Mount Vernon,2020-02-02 12:30,PST,68800,28.85
Mount Vernon,2020-02-02 12:45,PST,68600,28.8
Mount Vernon,2020-02-02 13:00,PST,68200,28.74
Mount Vernon,2020-02-02 13:15,PST,68000,28.69
Mount Vernon,2020-02-02 13:30,PST,67800,28.66
Mount Vernon,2020-02-02 13:45,PST,67500,28.59
Mount Vernon,2020-02-02 14:00,PST,67200,28.54
Mount Vernon,2020-02-02 14:15,PST,66800,28.47
Mount Vernon,2020-02-02 14:30,PST,66500,28.41
Mount Vernon,2020-02-02 14:45,PST,66400,28.38
Mount Vernon,2020-02-02 15:00,PST,65900,28.29
Mount Vernon,2020-02-02 15:15,PST,65600,28.23
Mount Vernon,2020-02-02 15:30,PST,65100,28.14
Mount Vernon,2020-02-02 15:45,PST,64700,28.06
Mount Vernon,2020-02-02 16:00,PST,64600,28.03
Mount Vernon,2020-02-02 16:15,PST,64100,27.95
Mount Vernon,2020-02-02 16:30,PST,63900,27.9
Mount Vernon,2020-02-02 16:45,PST,63600,27.84
Mount Vernon,2020-02-02 17:00,PST,63000,27.73
Mount Vernon,2020-02-02 17:15,PST,62700,27.67
Mount Vernon,2020-02-02 17:30,PST,62300,27.59
Mount Vernon,2020-02-02 17:45,PST,62000,27.52
Mount Vernon,2020-02-02 18:00,PST,61600,27.45
Mount Vernon,2020-02-02 18:15,PST,61300,27.39
Mount Vernon,2020-02-02 18:30,PST,60900,27.31
Mount Vernon,2020-02-02 18:45,PST,60500,27.22
Mount Vernon,2020-02-02 19:00,PST,60100,27.14
Mount Vernon,2020-02-02 19:15,PST,59700,27.06
Mount Vernon,2020-02-02 19:30,PST,59200,26.97
Mount Vernon,2020-02-02 19:45,PST,59200,26.97
Mount Vernon,2020-02-02 20:00,PST,58600,26.83
Mount Vernon,2020-02-02 20:15,PST,58300,26.77
Mount Vernon,2020-02-02 20:30,PST,57900,26.69
Mount Vernon,2020-02-02 20:45,PST,57500,26.6
Mount Vernon,2020-02-02 21:00,PST,57100,26.52
Mount Vernon,2020-02-02 21:15,PST,56700,26.44
Mount Vernon,2020-02-02 21:30,PST,56300,26.36
Mount Vernon,2020-02-02 21:45,PST,55900,26.27
Mount Vernon,2020-02-02 22:00,PST,55500,26.2
Mount Vernon,2020-02-02 22:15,PST,55200,26.13
Mount Vernon,2020-02-02 22:30,PST,55000,26.08
Mount Vernon,2020-02-02 22:45,PST,54600,25.99
Mount Vernon,2020-02-02 23:00,PST,54200,25.92
Mount Vernon,2020-02-02 23:15,PST,53900,25.84
Mount Vernon,2020-02-02 23:30,PST,53500,25.77
Mount Vernon,2020-02-02 23:45,PST,53200,25.69
Mount Vernon,2020-02-03 00:00,PST,52800,25.62
Mount Vernon,2020-02-03 00:15,PST,52500,25.54
Mount Vernon,2020-02-03 00:30,PST,52200,25.48
Mount Vernon,2020-02-03 00:45,PST,51900,25.41
Mount Vernon,2020-02-03 01:00,PST,51600,25.35
Mount Vernon,2020-02-03 01:15,PST,51300,25.27
Mount Vernon,2020-02-03 01:30,PST,50900,25.2
Mount Vernon,2020-02-03 01:45,PST,50700,25.14
Mount Vernon,2020-02-03 02:00,PST,50400,25.07
Mount Vernon,2020-02-03 02:15,PST,50000,25.0
Mount Vernon,2020-02-03 02:30,PST,49700,24.93
Mount Vernon,2020-02-03 02:45,PST,49400,24.86
Mount Vernon,2020-02-03 03:00,PST,49200,24.81
Mount Vernon,2020-02-03 03:15,PST,48900,24.74
Mount Vernon,2020-02-03 03:30,PST,48700,24.69
Mount Vernon,2020-02-03 03:45,PST,48400,24.63
Mount Vernon,2020-02-03 04:00,PST,48200,24.58
Mount Vernon,2020-02-03 04:15,PST,47900,24.51
Mount Vernon,2020-02-03 04:30,PST,47500,24.43
Mount Vernon,2020-02-03 04:45,PST,47400,24.41
Mount Vernon,2020-02-03 05:00,PST,47100,24.34
Mount Vernon,2020-02-03 05:15,PST,46800,24.26
Mount Vernon,2020-02-03 05:30,PST,46700,24.23
Mount Vernon,2020-02-03 05:45,PST,46400,24.17
Mount Vernon,2020-02-03 06:00,PST,46200,24.12
Mount Vernon,2020-02-03 06:15,PST,46000,24.07
Mount Vernon,2020-02-03 06:30,PST,45900,24.04
Mount Vernon,2020-02-03 06:45,PST,45600,23.97
Mount Vernon,2020-02-03 07:00,PST,45300,23.91
Mount Vernon,2020-02-03 07:15,PST,45100,23.87
Mount Vernon,2020-02-03 07:30,PST,45000,23.83
Mount Vernon,2020-02-03 07:45,PST,44800,23.78
Mount Vernon,2020-02-03 08:00,PST,44600,23.74
Mount Vernon,2020-02-03 08:15,PST,44300,23.67
Mount Vernon,2020-02-03 08:30,PST,44100,23.63
Mount Vernon,2020-02-03 08:45,PST,44000,23.6
Mount Vernon,2020-02-03 09:00,PST,43800,23.54
Mount Vernon,2020-02-03 09:15,PST,43600,23.51
Mount Vernon,2020-02-03 09:30,PST,43500,23.47
Mount Vernon,2020-02-03 09:45,PST,43200,23.41
Mount Vernon,2020-02-03 10:00,PST,43100,23.38
Mount Vernon,2020-02-03 10:15,PST,42900,23.33
Mount Vernon,2020-02-03 10:30,PST,42700,23.29
Mount Vernon,2020-02-03 10:45,PST,42600,23.26
Mount Vernon,2020-02-03 11:00,PST,42400,23.22
Mount Vernon,2020-02-03 11:15,PST,42300,23.18
Mount Vernon,2020-02-03 11:30,PST,42100,23.13
Mount Vernon,2020-02-03 11:45,PST,41900,23.09
Mount Vernon,2020-02-03 12:00,PST,41800,23.07
Mount Vernon,2020-02-03 12:15,PST,41700,23.04
Mount Vernon,2020-02-03 12:30,PST,41500,22.99
Mount Vernon,2020-02-03 12:45,PST,41400,22.97
Mount Vernon,2020-02-03 13:00,PST,41200,22.92
Mount Vernon,2020-02-03 13:15,PST,41100,22.89
Mount Vernon,2020-02-03 13:30,PST,40900,22.84
Mount Vernon,2020-02-03 13:45,PST,40800,22.81
Mount Vernon,2020-02-03 14:00,PST,40700,22.78
Mount Vernon,2020-02-03 14:15,PST,40600,22.76
Mount Vernon,2020-02-03 14:30,PST,40400,22.71
Mount Vernon,2020-02-03 14:45,PST,40200,22.67
Mount Vernon,2020-02-03 15:00,PST,40100,22.64
Mount Vernon,2020-02-03 15:15,PST,40000,22.62
Mount Vernon,2020-02-03 15:30,PST,39800,22.57
Mount Vernon,2020-02-03 15:45,PST,39800,22.56
Mount Vernon,2020-02-03 16:00,PST,39600,22.51
Mount Vernon,2020-02-03 16:15,PST,39500,22.49
Mount Vernon,2020-02-03 16:30,PST,39300,22.44
Mount Vernon,2020-02-03 16:45,PST,39200,22.41
Mount Vernon,2020-02-03 17:00,PST,39100,22.38
Mount Vernon,2020-02-03 17:15,PST,38900,22.33
Mount Vernon,2020-02-03 17:30,PST,38700,22.29
Mount Vernon,2020-02-03 17:45,PST,38700,22.27
Mount Vernon,2020-02-03 18:00,PST,38600,22.26
Mount Vernon,2020-02-03 18:15,PST,38500,22.23
Mount Vernon,2020-02-03 18:30,PST,38400,22.2
Mount Vernon,2020-02-03 18:45,PST,38300,22.17
Mount Vernon,2020-02-03 19:00,PST,38100,22.13
Mount Vernon,2020-02-03 19:15,PST,38000,22.11
Mount Vernon,2020-02-03 19:30,PST,38000,22.09
Mount Vernon,2020-02-03 19:45,PST,37800,22.04
Mount Vernon,2020-02-03 20:00,PST,37700,22.03
Mount Vernon,2020-02-03 20:15,PST,37600,21.98
Mount Vernon,2020-02-03 20:30,PST,37400,21.95
Mount Vernon,2020-02-03 20:45,PST,37400,21.93
Mount Vernon,2020-02-03 21:00,PST,37300,21.91
Mount Vernon,2020-02-03 21:15,PST,37200,21.88
Mount Vernon,2020-02-03 21:30,PST,37100,21.85
Mount Vernon,2020-02-03 21:45,PST,37000,21.83
Mount Vernon,2020-02-03 22:00,PST,36800,21.78
Mount Vernon,2020-02-03 22:15,PST,36700,21.76
Mount Vernon,2020-02-03 22:30,PST,36700,21.75
Mount Vernon,2020-02-03 22:45,PST,36500,21.7
Mount Vernon,2020-02-03 23:00,PST,36400,21.68
Mount Vernon,2020-02-03 23:15,PST,36200,21.63
Mount Vernon,2020-02-03 23:30,PST,36200,21.62
Mount Vernon,2020-02-03 23:45,PST,36000,21.57
Mount Vernon,2020-02-04 00:00,PST,35900,21.54
Mount Vernon,2020-02-04 00:15,PST,35800,21.51
Mount Vernon,2020-02-04 00:30,PST,35600,21.46
Mount Vernon,2020-02-04 00:45,PST,35500,21.43
Mount Vernon,2020-02-04 01:00,PST,35400,21.4
Mount Vernon,2020-02-04 01:15,PST,35300,21.39
Mount Vernon,2020-02-04 01:30,PST,35200,21.34
Mount Vernon,2020-02-04 01:45,PST,34900,21.28
Mount Vernon,2020-02-04 02:00,PST,34900,21.28
Mount Vernon,2020-02-04 02:15,PST,34800,21.25
Mount Vernon,2020-02-04 02:30,PST,34600,21.19
Mount Vernon,2020-02-04 02:45,PST,34600,21.18
Mount Vernon,2020-02-04 03:00,PST,34500,21.15
Mount Vernon,2020-02-04 03:15,PST,34400,21.13
Mount Vernon,2020-02-04 03:30,PST,34200,21.09
Mount Vernon,2020-02-04 03:45,PST,34200,21.08
Mount Vernon,2020-02-04 04:00,PST,34100,21.04
Mount Vernon,2020-02-04 04:15,PST,34000,21.01
Mount Vernon,2020-02-04 04:30,PST,33800,20.98
Mount Vernon,2020-02-04 04:45,PST,33700,20.95
Mount Vernon,2020-02-04 05:00,PST,33700,20.93
Mount Vernon,2020-02-04 05:15,PST,33600,20.91
Mount Vernon,2020-02-04 05:30,PST,33500,20.89
Mount Vernon,2020-02-04 05:45,PST,33300,20.84
Mount Vernon,2020-02-04 06:00,PST,33300,20.82
Mount Vernon,2020-02-04 06:15,PST,33200,20.8
Mount Vernon,2020-02-04 06:30,PST,33100,20.77
Mount Vernon,2020-02-04 06:45,PST,33100,20.76
Mount Vernon,2020-02-04 07:00,PST,32900,20.73
Mount Vernon,2020-02-04 07:15,PST,32800,20.69
Mount Vernon,2020-02-04 07:30,PST,32700,20.67
Mount Vernon,2020-02-04 07:45,PST,32700,20.65
Mount Vernon,2020-02-04 08:00,PST,32600,20.63
Mount Vernon,2020-02-04 08:15,PST,32500,20.6
Mount Vernon,2020-02-04 08:30,PST,32400,20.57
Mount Vernon,2020-02-04 08:45,PST,32300,20.56
Mount Vernon,2020-02-04 09:00,PST,32300,20.55
Mount Vernon,2020-02-04 09:15,PST,32200,20.51
Mount Vernon,2020-02-04 09:30,PST,32100,20.49
Mount Vernon,2020-02-04 09:45,PST,32000,20.47
Mount Vernon,2020-02-04 10:00,PST,31900,20.43
Mount Vernon,2020-02-04 10:15,PST,31800,20.4
Mount Vernon,2020-02-04 10:30,PST,31800,20.4
Mount Vernon,2020-02-04 10:45,PST,31600,20.36
Mount Vernon,2020-02-04 11:00,PST,31600,20.35
Mount Vernon,2020-02-04 11:15,PST,31500,20.33
Mount Vernon,2020-02-04 11:30,PST,31500,20.31
Mount Vernon,2020-02-04 11:45,PST,31300,20.27
Mount Vernon,2020-02-04 12:00,PST,31300,20.25
Mount Vernon,2020-02-04 12:15,PST,31200,20.22
Mount Vernon,2020-02-04 12:30,PST,31100,20.19
Mount Vernon,2020-02-04 12:45,PST,31000,20.18
Mount Vernon,2020-02-04 13:00,PST,30900,20.14
Mount Vernon,2020-02-04 13:15,PST,30900,20.13
Mount Vernon,2020-02-04 13:30,PST,30800,20.1
Mount Vernon,2020-02-04 13:45,PST,30700,20.07
Mount Vernon,2020-02-04 14:00,PST,30600,20.06
Mount Vernon,2020-02-04 14:15,PST,30500,20.03
Mount Vernon,2020-02-04 14:30,PST,30400,20.01
Mount Vernon,2020-02-04 14:45,PST,30400,19.99
Mount Vernon,2020-02-04 15:00,PST,30300,19.98
Mount Vernon,2020-02-04 15:15,PST,30200,19.95
Mount Vernon,2020-02-04 15:30,PST,30200,19.95
Mount Vernon,2020-02-04 15:45,PST,30100,19.92
Mount Vernon,2020-02-04 16:00,PST,30100,19.9
Mount Vernon,2020-02-04 16:15,PST,30000,19.89
Mount Vernon,2020-02-04 16:30,PST,29900,19.85
Mount Vernon,2020-02-04 16:45,PST,29900,19.86
Mount Vernon,2020-02-04 17:00,PST,29800,19.82
Mount Vernon,2020-02-04 17:15,PST,29700,19.8
Mount Vernon,2020-02-04 17:30,PST,29700,19.79
Mount Vernon,2020-02-04 17:45,PST,29700,19.79
Mount Vernon,2020-02-04 18:00,PST,29600,19.75
Mount Vernon,2020-02-04 18:15,PST,29600,19.76
Mount Vernon,2020-02-04 18:30,PST,29600,19.75
Mount Vernon,2020-02-04 18:45,PST,29500,19.74
Mount Vernon,2020-02-04 19:00,PST,29400,19.7
Mount Vernon,2020-02-04 19:15,PST,29400,19.69
Mount Vernon,2020-02-04 19:30,PST,29400,19.7
Mount Vernon,2020-02-04 19:45,PST,29300,19.67
Mount Vernon,2020-02-04 20:00,PST,29200,19.65
Mount Vernon,2020-02-04 20:15,PST,29200,19.65
Mount Vernon,2020-02-04 20:30,PST,29200,19.64
Mount Vernon,2020-02-04 20:45,PST,29200,19.64
Mount Vernon,2020-02-04 21:00,PST,29100,19.62
Mount Vernon,2020-02-04 21:15,PST,29200,19.63
Mount Vernon,2020-02-04 21:30,PST,29100,19.62
Mount Vernon,2020-02-04 21:45,PST,29100,19.61
Mount Vernon,2020-02-04 22:00,PST,29100,19.62
Mount Vernon,2020-02-04 22:15,PST,29100,19.61
Mount Vernon,2020-02-04 22:30,PST,29000,19.58
Mount Vernon,2020-02-04 22:45,PST,29100,19.61
Mount Vernon,2020-02-04 23:00,PST,29100,19.6
Mount Vernon,2020-02-04 23:15,PST,29000,19.58
Mount Vernon,2020-02-04 23:30,PST,29000,19.57
Mount Vernon,2020-02-04 23:45,PST,29000,19.58
Mount Vernon,2020-02-05 00:00,PST,29100,19.6
Mount Vernon,2020-02-05 00:15,PST,28900,19.56
Mount Vernon,2020-02-05 00:30,PST,29000,19.57
Mount Vernon,2020-02-05 00:45,PST,29000,19.57
Mount Vernon,2020-02-05 01:00,PST,29000,19.57
Mount Vernon,2020-02-05 01:15,PST,29000,19.57
Mount Vernon,2020-02-05 01:30,PST,28900,19.56
Mount Vernon,2020-02-05 01:45,PST,28900,19.54
Mount Vernon,2020-02-05 02:00,PST,28800,19.53
Mount Vernon,2020-02-05 02:15,PST,28800,19.52
Mount Vernon,2020-02-05 02:30,PST,28800,19.51
Mount Vernon,2020-02-05 02:45,PST,28800,19.52
Mount Vernon,2020-02-05 03:00,PST,28800,19.51
Mount Vernon,2020-02-05 03:15,PST,28800,19.52
Mount Vernon,2020-02-05 03:30,PST,28700,19.49
Mount Vernon,2020-02-05 03:45,PST,28700,19.49
Mount Vernon,2020-02-05 04:00,PST,28700,19.48
Mount Vernon,2020-02-05 04:15,PST,28600,19.47
Mount Vernon,2020-02-05 04:30,PST,28600,19.47
Mount Vernon,2020-02-05 04:45,PST,28600,19.47
Mount Vernon,2020-02-05 05:00,PST,28500,19.44
Mount Vernon,2020-02-05 05:15,PST,28500,19.44
Mount Vernon,2020-02-05 05:30,PST,28500,19.43
Mount Vernon,2020-02-05 05:45,PST,28500,19.44
Mount Vernon,2020-02-05 06:00,PST,28500,19.43
Mount Vernon,2020-02-05 06:15,PST,28500,19.42
Mount Vernon,2020-02-05 06:30,PST,28400,19.4
Mount Vernon,2020-02-05 06:45,PST,28400,19.41
Mount Vernon,2020-02-05 07:00,PST,28400,19.39
Mount Vernon,2020-02-05 07:15,PST,28300,19.38
Mount Vernon,2020-02-05 07:30,PST,28300,19.38
Mount Vernon,2020-02-05 07:45,PST,28300,19.36
Mount Vernon,2020-02-05 08:00,PST,28300,19.36
Mount Vernon,2020-02-05 08:15,PST,28200,19.34
Mount Vernon,2020-02-05 08:30,PST,28200,19.35
Mount Vernon,2020-02-05 08:45,PST,28200,19.33
Mount Vernon,2020-02-05 09:00,PST,28200,19.34
Mount Vernon,2020-02-05 09:15,PST,28100,19.31
Mount Vernon,2020-02-05 09:30,PST,28100,19.32
Mount Vernon,2020-02-05 09:45,PST,28100,19.31
Mount Vernon,2020-02-05 10:00,PST,28100,19.29
Mount Vernon,2020-02-05 10:15,PST,28000,19.28
Mount Vernon,2020-02-05 10:30,PST,28100,19.3
Mount Vernon,2020-02-05 10:45,PST,28100,19.3
Mount Vernon,2020-02-05 11:00,PST,28000,19.27
Mount Vernon,2020-02-05 11:15,PST,28100,19.29
Mount Vernon,2020-02-05 11:30,PST,28100,19.3
Mount Vernon,2020-02-05 11:45,PST,28000,19.28
Mount Vernon,2020-02-05 12:00,PST,28000,19.28
Mount Vernon,2020-02-05 12:15,PST,27900,19.25
Mount Vernon,2020-02-05 12:30,PST,28000,19.27
Mount Vernon,2020-02-05 12:45,PST,28000,19.26
Mount Vernon,2020-02-05 13:00,PST,28000,19.28
Mount Vernon,2020-02-05 13:15,PST,28000,19.26
Mount Vernon,2020-02-05 13:30,PST,28000,19.28
Mount Vernon,2020-02-05 13:45,PST,27900,19.25
Mount Vernon,2020-02-05 14:00,PST,27900,19.25
Mount Vernon,2020-02-05 14:15,PST,28000,19.26
Mount Vernon,2020-02-05 14:30,PST,27900,19.24
Mount Vernon,2020-02-05 14:45,PST,27800,19.22
Mount Vernon,2020-02-05 15:00,PST,27900,19.24
Mount Vernon,2020-02-05 15:15,PST,27900,19.25
Mount Vernon,2020-02-05 15:30,PST,27900,19.25
Mount Vernon,2020-02-05 15:45,PST,27900,19.24
Mount Vernon,2020-02-05 16:00,PST,28000,19.26
Mount Vernon,2020-02-05 16:15,PST,27900,19.25
Mount Vernon,2020-02-05 16:30,PST,28000,19.26
Mount Vernon,2020-02-05 16:45,PST,28000,19.27
Mount Vernon,2020-02-05 17:00,PST,28000,19.26
Mount Vernon,2020-02-05 17:15,PST,28000,19.26
Mount Vernon,2020-02-05 17:30,PST,27900,19.25
Mount Vernon,2020-02-05 17:45,PST,28000,19.27
Mount Vernon,2020-02-05 18:00,PST,28000,19.26
Mount Vernon,2020-02-05 18:15,PST,28000,19.27
Mount Vernon,2020-02-05 18:30,PST,28000,19.27
Mount Vernon,2020-02-05 18:45,PST,28000,19.28
Mount Vernon,2020-02-05 19:00,PST,28000,19.27
Mount Vernon,2020-02-05 19:15,PST,28000,19.26
Mount Vernon,2020-02-05 19:30,PST,28000,19.28
Mount Vernon,2020-02-05 19:45,PST,28000,19.28
Mount Vernon,2020-02-05 20:00,PST,28100,19.3
Mount Vernon,2020-02-05 20:15,PST,28100,19.3
Mount Vernon,2020-02-05 20:30,PST,28100,19.31
Mount Vernon,2020-02-05 20:45,PST,28200,19.33
Mount Vernon,2020-02-05 21:00,PST,28100,19.32
Mount Vernon,2020-02-05 21:15,PST,28200,19.33
Mount Vernon,2020-02-05 21:30,PST,28300,19.36
Mount Vernon,2020-02-05 21:45,PST,28200,19.35
Mount Vernon,2020-02-05 22:00,PST,28300,19.36
Mount Vernon,2020-02-05 22:15,PST,28400,19.39
Mount Vernon,2020-02-05 22:30,PST,28300,19.38
Mount Vernon,2020-02-05 22:45,PST,28400,19.39
Mount Vernon,2020-02-05 23:00,PST,28500,19.44
Mount Vernon,2020-02-05 23:15,PST,28500,19.43
Mount Vernon,2020-02-05 23:30,PST,28500,19.43
Mount Vernon,2020-02-05 23:45,PST,28600,19.45
Mount Vernon,2020-02-06 00:00,PST,28600,19.47
Mount Vernon,2020-02-06 00:15,PST,28600,19.47
Mount Vernon,2020-02-06 00:30,PST,28700,19.48
Mount Vernon,2020-02-06 00:45,PST,28700,19.5
Mount Vernon,2020-02-06 01:00,PST,28800,19.53
Mount Vernon,2020-02-06 01:15,PST,28900,19.55
Mount Vernon,2020-02-06 01:30,PST,28900,19.54
Mount Vernon,2020-02-06 01:45,PST,29000,19.58
Mount Vernon,2020-02-06 02:00,PST,29000,19.59
Mount Vernon,2020-02-06 02:15,PST,29100,19.6
Mount Vernon,2020-02-06 02:30,PST,29200,19.63
Mount Vernon,2020-02-06 02:45,PST,29200,19.65
Mount Vernon,2020-02-06 03:00,PST,29300,19.68
Mount Vernon,2020-02-06 03:15,PST,29300,19.68
Mount Vernon,2020-02-06 03:30,PST,29400,19.7
Mount Vernon,2020-02-06 03:45,PST,29500,19.72
Mount Vernon,2020-02-06 04:00,PST,29500,19.73
Mount Vernon,2020-02-06 04:15,PST,29600,19.75
Mount Vernon,2020-02-06 04:30,PST,29700,19.79
Mount Vernon,2020-02-06 04:45,PST,29700,19.8
Mount Vernon,2020-02-06 05:00,PST,29800,19.82
Mount Vernon,2020-02-06 05:15,PST,29800,19.83
Mount Vernon,2020-02-06 05:30,PST,29900,19.86
Mount Vernon,2020-02-06 05:45,PST,30000,19.88
Mount Vernon,2020-02-06 06:00,PST,30000,19.88
Mount Vernon,2020-02-06 06:15,PST,30000,19.89
Mount Vernon,2020-02-06 06:30,PST,30100,19.92
Mount Vernon,2020-02-06 06:45,PST,30200,19.94
Mount Vernon,2020-02-06 07:00,PST,30300,19.97
Mount Vernon,2020-02-06 07:15,PST,30300,19.96
Mount Vernon,2020-02-06 07:30,PST,30300,19.98
Mount Vernon,2020-02-06 07:45,PST,30300,19.98
Mount Vernon,2020-02-06 08:00,PST,30400,20.0
Mount Vernon,2020-02-06 08:15,PST,30500,20.02
Mount Vernon,2020-02-06 08:30,PST,30500,20.03
Mount Vernon,2020-02-06 08:45,PST,30500,20.02
Mount Vernon,2020-02-06 09:00,PST,30500,20.04
Mount Vernon,2020-02-06 09:15,PST,30600,20.05
Mount Vernon,2020-02-06 09:30,PST,30500,20.04
Mount Vernon,2020-02-06 09:45,PST,30700,20.08
Mount Vernon,2020-02-06 10:00,PST,30800,20.1
Mount Vernon,2020-02-06 10:15,PST,30800,20.1
Mount Vernon,2020-02-06 10:30,PST,30700,20.09
Mount Vernon,2020-02-06 10:45,PST,30800,20.11
Mount Vernon,2020-02-06 11:00,PST,30700,20.09
Mount Vernon,2020-02-06 11:15,PST,30900,20.13
Mount Vernon,2020-02-06 11:30,PST,30800,20.12
Mount Vernon,2020-02-06 11:45,PST,30800,20.12
Mount Vernon,2020-02-06 12:00,PST,30900,20.14
Mount Vernon,2020-02-06 12:15,PST,30900,20.15
Mount Vernon,2020-02-06 12:30,PST,30900,20.15
Mount Vernon,2020-02-06 12:45,PST,31000,20.16
Mount Vernon,2020-02-06 13:00,PST,31000,20.16
Mount Vernon,2020-02-06 13:15,PST,30900,20.15
Mount Vernon,2020-02-06 13:30,PST,31000,20.18
Mount Vernon,2020-02-06 13:45,PST,31100,20.19
Mount Vernon,2020-02-06 14:00,PST,31100,20.2
Mount Vernon,2020-02-06 14:15,PST,31100,20.19
Mount Vernon,2020-02-06 14:30,PST,31100,20.21
Mount Vernon,2020-02-06 14:45,PST,31100,20.21
Mount Vernon,2020-02-06 15:00,PST,31100,20.19
Mount Vernon,2020-02-06 15:15,PST,31200,20.22
Mount Vernon,2020-02-06 15:30,PST,31200,20.22
Mount Vernon,2020-02-06 15:45,PST,31200,20.23
Mount Vernon,2020-02-06 16:00,PST,31200,20.24
Mount Vernon,2020-02-06 16:15,PST,31200,20.22
Mount Vernon,2020-02-06 16:30,PST,31200,20.22
Mount Vernon,2020-02-06 16:45,PST,31200,20.24
Mount Vernon,2020-02-06 17:00,PST,31200,20.24
Mount Vernon,2020-02-06 17:15,PST,31200,20.23
Mount Vernon,2020-02-06 17:30,PST,31200,20.24
Mount Vernon,2020-02-06 17:45,PST,31200,20.24
Mount Vernon,2020-02-06 18:00,PST,31300,20.25
Mount Vernon,2020-02-06 18:15,PST,31200,20.24
Mount Vernon,2020-02-06 18:30,PST,31200,20.24
Mount Vernon,2020-02-06 18:45,PST,31200,20.23
Mount Vernon,2020-02-06 19:00,PST,31200,20.22
Mount Vernon,2020-02-06 19:15,PST,31100,20.21
Mount Vernon,2020-02-06 19:30,PST,31200,20.22
Mount Vernon,2020-02-06 19:45,PST,31200,20.23
Mount Vernon,2020-02-06 20:00,PST,31200,20.23
Mount Vernon,2020-02-06 20:15,PST,31100,20.2
Mount Vernon,2020-02-06 20:30,PST,31200,20.22
Mount Vernon,2020-02-06 20:45,PST,31100,20.21
Mount Vernon,2020-02-06 21:00,PST,31100,20.2
Mount Vernon,2020-02-06 21:15,PST,31100,20.2
Mount Vernon,2020-02-06 21:30,PST,31100,20.2
Mount Vernon,2020-02-06 21:45,PST,31100,20.19
Mount Vernon,2020-02-06 22:00,PST,31100,20.2
Mount Vernon,2020-02-06 22:15,PST,31100,20.2
Mount Vernon,2020-02-06 22:30,PST,31100,20.21
Mount Vernon,2020-02-06 22:45,PST,31100,20.2
Mount Vernon,2020-02-06 23:00,PST,31200,20.22
Mount Vernon,2020-02-06 23:15,PST,31100,20.21
Mount Vernon,2020-02-06 23:30,PST,31200,20.23
Mount Vernon,2020-02-06 23:45,PST,31200,20.22
Mount Vernon,2020-02-07 00:00,PST,31200,20.23
Mount Vernon,2020-02-07 00:15,PST,31200,20.22
Mount Vernon,2020-02-07 00:30,PST,31300,20.25
Mount Vernon,2020-02-07 00:45,PST,31200,20.24
Mount Vernon,2020-02-07 01:00,PST,31200,20.23
Mount Vernon,2020-02-07 01:15,PST,31200,20.23
Mount Vernon,2020-02-07 01:30,PST,31200,20.24
Mount Vernon,2020-02-07 01:45,PST,31300,20.27
Mount Vernon,2020-02-07 02:00,PST,31400,20.3
Mount Vernon,2020-02-07 02:15,PST,31400,20.28
Mount Vernon,2020-02-07 02:30,PST,31400,20.29
Mount Vernon,2020-02-07 02:45,PST,31400,20.3
Mount Vernon,2020-02-07 03:00,PST,31500,20.31
Mount Vernon,2020-02-07 03:15,PST,31500,20.32
Mount Vernon,2020-02-07 03:30,PST,31500,20.32
Mount Vernon,2020-02-07 03:45,PST,31600,20.34
Mount Vernon,2020-02-07 04:00,PST,31600,20.34
Mount Vernon,2020-02-07 04:15,PST,31500,20.32
Mount Vernon,2020-02-07 04:30,PST,31600,20.35
Mount Vernon,2020-02-07 04:45,PST,31600,20.35
Mount Vernon,2020-02-07 05:00,PST,31700,20.38
Mount Vernon,2020-02-07 05:15,PST,31800,20.39
Mount Vernon,2020-02-07 05:30,PST,31800,20.39
Mount Vernon,2020-02-07 05:45,PST,31700,20.38
Mount Vernon,2020-02-07 06:00,PST,31700,20.38
Mount Vernon,2020-02-07 06:15,PST,31900,20.42
Mount Vernon,2020-02-07 06:30,PST,31800,20.41
Mount Vernon,2020-02-07 06:45,PST,31900,20.43
Mount Vernon,2020-02-07 07:00,PST,31900,20.42
Mount Vernon,2020-02-07 07:15,PST,31900,20.44
Mount Vernon,2020-02-07 07:30,PST,32000,20.45
Mount Vernon,2020-02-07 07:45,PST,32000,20.45
Mount Vernon,2020-02-07 08:00,PST,32000,20.45
Mount Vernon,2020-02-07 08:15,PST,32000,20.46
Mount Vernon,2020-02-07 08:30,PST,32000,20.47
Mount Vernon,2020-02-07 08:45,PST,32000,20.47
Mount Vernon,2020-02-07 09:00,PST,32000,20.47
Mount Vernon,2020-02-07 09:15,PST,32100,20.48
Mount Vernon,2020-02-07 09:30,PST,32100,20.49
Mount Vernon,2020-02-07 09:45,PST,32100,20.48
Mount Vernon,2020-02-07 10:00,PST,32100,20.5
Mount Vernon,2020-02-07 10:15,PST,32100,20.48
Mount Vernon,2020-02-07 10:30,PST,32100,20.48
Mount Vernon,2020-02-07 10:45,PST,32100,20.49
Mount Vernon,2020-02-07 11:00,PST,32100,20.49
Mount Vernon,2020-02-07 11:15,PST,32100,20.49
Mount Vernon,2020-02-07 11:30,PST,32100,20.5
Mount Vernon,2020-02-07 11:45,PST,32100,20.49
Mount Vernon,2020-02-07 12:00,PST,32100,20.49
Mount Vernon,2020-02-07 12:15,PST,32100,20.5
Mount Vernon,2020-02-07 12:30,PST,32100,20.49
Mount Vernon,2020-02-07 12:45,PST,32100,20.49
Mount Vernon,2020-02-07 13:00,PST,32100,20.49
Mount Vernon,2020-02-07 13:15,PST,32100,20.48
Mount Vernon,2020-02-07 13:30,PST,32100,20.5
Mount Vernon,2020-02-07 13:45,PST,32100,20.5
Mount Vernon,2020-02-07 14:00,PST,32100,20.48
Mount Vernon,2020-02-07 14:15,PST,32100,20.49
Mount Vernon,2020-02-07 14:30,PST,32200,20.51
Mount Vernon,2020-02-07 14:45,PST,32100,20.5
Mount Vernon,2020-02-07 15:00,PST,32100,20.49
Mount Vernon,2020-02-07 15:15,PST,32100,20.49
Mount Vernon,2020-02-07 15:30,PST,32100,20.5
Mount Vernon,2020-02-07 15:45,PST,32000,20.45
Mount Vernon,2020-02-07 16:00,PST,32100,20.49
Mount Vernon,2020-02-07 16:15,PST,32100,20.5
Mount Vernon,2020-02-07 16:30,PST,32100,20.48
Mount Vernon,2020-02-07 16:45,PST,32000,20.45
Mount Vernon,2020-02-07 17:00,PST,32100,20.48
Mount Vernon,2020-02-07 17:15,PST,32100,20.49
Mount Vernon,2020-02-07 17:30,PST,32100,20.48
Mount Vernon,2020-02-07 17:45,PST,32000,20.47
Mount Vernon,2020-02-07 18:00,PST,32100,20.49
Mount Vernon,2020-02-07 18:15,PST,32000,20.46
Mount Vernon,2020-02-07 18:30,PST,32000,20.46
Mount Vernon,2020-02-07 18:45,PST,32000,20.47
Mount Vernon,2020-02-07 19:00,PST,32100,20.49
Mount Vernon,2020-02-07 19:15,PST,32100,20.49
Mount Vernon,2020-02-07 19:30,PST,32100,20.49
Mount Vernon,2020-02-07 19:45,PST,32200,20.52
Mount Vernon,2020-02-07 20:00,PST,32300,20.56
Mount Vernon,2020-02-07 20:15,PST,32400,20.57
Mount Vernon,2020-02-07 20:30,PST,32500,20.59
Mount Vernon,2020-02-07 20:45,PST,32600,20.62
Mount Vernon,2020-02-07 21:00,PST,32600,20.63
Mount Vernon,2020-02-07 21:15,PST,32700,20.65
Mount Vernon,2020-02-07 21:30,PST,32800,20.7
Mount Vernon,2020-02-07 21:45,PST,32900,20.72
Mount Vernon,2020-02-07 22:00,PST,33100,20.76
Mount Vernon,2020-02-07 22:15,PST,33200,20.79
Mount Vernon,2020-02-07 22:30,PST,33200,20.79
Mount Vernon,2020-02-07 22:45,PST,33300,20.82
Mount Vernon,2020-02-07 23:00,PST,33400,20.85
Mount Vernon,2020-02-07 23:15,PST,33500,20.89
Mount Vernon,2020-02-07 23:30,PST,33500,20.89
Mount Vernon,2020-02-07 23:45,PST,33400,20.87
Mount Vernon,2020-02-08 00:00,PST,33600,20.9
Mount Vernon,2020-02-08 00:15,PST,33700,20.93
Mount Vernon,2020-02-08 00:30,PST,33700,20.95
Mount Vernon,2020-02-08 00:45,PST,33800,20.96
Mount Vernon,2020-02-08 01:00,PST,33800,20.98
Mount Vernon,2020-02-08 01:15,PST,33900,21.0
Mount Vernon,2020-02-08 01:30,PST,34000,21.03
Mount Vernon,2020-02-08 01:45,PST,34100,21.04
Mount Vernon,2020-02-08 02:00,PST,34000,21.02
Mount Vernon,2020-02-08 02:15,PST,34100,21.05
Mount Vernon,2020-02-08 02:30,PST,34200,21.08
Mount Vernon,2020-02-08 02:45,PST,34200,21.08
Mount Vernon,2020-02-08 03:00,PST,34300,21.12
Mount Vernon,2020-02-08 03:15,PST,34400,21.13
Mount Vernon,2020-02-08 03:30,PST,34400,21.14
Mount Vernon,2020-02-08 03:45,PST,34400,21.14
Mount Vernon,2020-02-08 04:00,PST,34400,21.14
Mount Vernon,2020-02-08 04:15,PST,34500,21.16
Mount Vernon,2020-02-08 04:30,PST,34600,21.18
Mount Vernon,2020-02-08 04:45,PST,34600,21.19
Mount Vernon,2020-02-08 05:00,PST,34700,21.22
Mount Vernon,2020-02-08 05:15,PST,34700,21.22
Mount Vernon,2020-02-08 05:30,PST,34700,21.21
Mount Vernon,2020-02-08 05:45,PST,34800,21.23
Mount Vernon,2020-02-08 06:00,PST,34700,21.22
Mount Vernon,2020-02-08 06:15,PST,34700,21.22
Mount Vernon,2020-02-08 06:30,PST,34700,21.21
Mount Vernon,2020-02-08 06:45,PST,34700,21.21
Mount Vernon,2020-02-08 07:00,PST,34800,21.23
Mount Vernon,2020-02-08 07:15,PST,34600,21.2
Mount Vernon,2020-02-08 07:30,PST,34600,21.2
Mount Vernon,2020-02-08 07:45,PST,34600,21.19
Mount Vernon,2020-02-08 08:00,PST,34500,21.17
Mount Vernon,2020-02-08 08:15,PST,34500,21.16
Mount Vernon,2020-02-08 08:30,PST,34500,21.15
Mount Vernon,2020-02-08 08:45,PST,34500,21.15
Mount Vernon,2020-02-08 09:00,PST,34400,21.14
Mount Vernon,2020-02-08 09:15,PST,34300,21.11
Mount Vernon,2020-02-08 09:30,PST,34300,21.1
Mount Vernon,2020-02-08 09:45,PST,34200,21.08
Mount Vernon,2020-02-08 10:00,PST,34100,21.05
Mount Vernon,2020-02-08 10:15,PST,34100,21.04
Mount Vernon,2020-02-08 10:30,PST,34000,21.02
Mount Vernon,2020-02-08 10:45,PST,33900,21.0
Mount Vernon,2020-02-08 11:00,PST,33900,21.0
Mount Vernon,2020-02-08 11:15,PST,33800,20.98
Mount Vernon,2020-02-08 11:30,PST,33900,20.99
Mount Vernon,2020-02-08 11:45,PST,33800,20.97
Mount Vernon,2020-02-08 12:00,PST,33700,20.93
Mount Vernon,2020-02-08 12:15,PST,33700,20.95
Mount Vernon,2020-02-08 12:30,PST,33700,20.94
Mount Vernon,2020-02-08 12:45,PST,33600,20.92
Mount Vernon,2020-02-08 13:00,PST,33500,20.89
Mount Vernon,2020-02-08 13:15,PST,33500,20.88
Mount Vernon,2020-02-08 13:30,PST,33400,20.86
Mount Vernon,2020-02-08 13:45,PST,33400,20.87
Mount Vernon,2020-02-08 14:00,PST,33400,20.86
Mount Vernon,2020-02-08 14:15,PST,33300,20.83
Mount Vernon,2020-02-08 14:30,PST,33300,20.82
Mount Vernon,2020-02-08 14:45,PST,33200,20.81
Mount Vernon,2020-02-08 15:00,PST,33200,20.8
Mount Vernon,2020-02-08 15:15,PST,33100,20.77
Mount Vernon,2020-02-08 15:30,PST,33000,20.75
Mount Vernon,2020-02-08 15:45,PST,33000,20.75
Mount Vernon,2020-02-08 16:00,PST,32900,20.72
Mount Vernon,2020-02-08 16:15,PST,32900,20.71
Mount Vernon,2020-02-08 16:30,PST,32900,20.71
Mount Vernon,2020-02-08 16:45,PST,32800,20.68
Mount Vernon,2020-02-08 17:00,PST,32700,20.66
Mount Vernon,2020-02-08 17:15,PST,32700,20.66
Mount Vernon,2020-02-08 17:30,PST,32600,20.63
Mount Vernon,2020-02-08 17:45,PST,32500,20.61
Mount Vernon,2020-02-08 18:00,PST,32500,20.6
Mount Vernon,2020-02-08 18:15,PST,32400,20.57
Mount Vernon,2020-02-08 18:30,PST,32400,20.57
Mount Vernon,2020-02-08 18:45,PST,32300,20.55
Mount Vernon,2020-02-08 19:00,PST,32200,20.52
Mount Vernon,2020-02-08 19:15,PST,32100,20.5
Mount Vernon,2020-02-08 19:30,PST,32000,20.47
Mount Vernon,2020-02-08 19:45,PST,32000,20.45
Mount Vernon,2020-02-08 20:00,PST,31900,20.43
Mount Vernon,2020-02-08 20:15,PST,31800,20.4
Mount Vernon,2020-02-08 20:30,PST,31800,20.39
Mount Vernon,2020-02-08 20:45,PST,31600,20.36
Mount Vernon,2020-02-08 21:00,PST,31600,20.35
Mount Vernon,2020-02-08 21:15,PST,31500,20.31
Mount Vernon,2020-02-08 21:30,PST,31500,20.31
Mount Vernon,2020-02-08 21:45,PST,31300,20.27
Mount Vernon,2020-02-08 22:00,PST,31300,20.25
Mount Vernon,2020-02-08 22:15,PST,31100,20.21
Mount Vernon,2020-02-08 22:30,PST,31100,20.21
Mount Vernon,2020-02-08 22:45,PST,31100,20.19
Mount Vernon,2020-02-08 23:00,PST,31000,20.16
Mount Vernon,2020-02-08 23:15,PST,30900,20.13
Mount Vernon,2020-02-08 23:30,PST,30800,20.1
Mount Vernon,2020-02-08 23:45,PST,30700,20.09
Mount Vernon,2020-02-09 00:00,PST,30600,20.06
Mount Vernon,2020-02-09 00:15,PST,30500,20.04
Mount Vernon,2020-02-09 00:30,PST,30500,20.02
Mount Vernon,2020-02-09 00:45,PST,30400,20.0
Mount Vernon,2020-02-09 01:00,PST,30300,19.97
Mount Vernon,2020-02-09 01:15,PST,30300,19.96
Mount Vernon,2020-02-09 01:30,PST,30200,19.94
Mount Vernon,2020-02-09 01:45,PST,30100,19.91
Mount Vernon,2020-02-09 02:00,PST,30000,19.87
Mount Vernon,2020-02-09 02:15,PST,30000,19.87
Mount Vernon,2020-02-09 02:30,PST,29900,19.86
Mount Vernon,2020-02-09 02:45,PST,29800,19.82
Mount Vernon,2020-02-09 03:00,PST,29800,19.82
Mount Vernon,2020-02-09 03:15,PST,29700,19.79
Mount Vernon,2020-02-09 03:30,PST,29600,19.76
Mount Vernon,2020-02-09 03:45,PST,29600,19.75
Mount Vernon,2020-02-09 04:00,PST,29500,19.72
Mount Vernon,2020-02-09 04:15,PST,29500,19.72
Mount Vernon,2020-02-09 04:30,PST,29400,19.7
Mount Vernon,2020-02-09 04:45,PST,29300,19.67
Mount Vernon,2020-02-09 05:00,PST,29200,19.65
Mount Vernon,2020-02-09 05:15,PST,29200,19.64
Mount Vernon,2020-02-09 05:30,PST,29100,19.62
Mount Vernon,2020-02-09 05:45,PST,29100,19.6
Mount Vernon,2020-02-09 06:00,PST,29000,19.59
Mount Vernon,2020-02-09 06:15,PST,28900,19.56
Mount Vernon,2020-02-09 06:30,PST,28900,19.55
Mount Vernon,2020-02-09 06:45,PST,28800,19.53
Mount Vernon,2020-02-09 07:00,PST,28800,19.52
Mount Vernon,2020-02-09 07:15,PST,28700,19.49
Mount Vernon,2020-02-09 07:30,PST,28600,19.46
Mount Vernon,2020-02-09 07:45,PST,28500,19.44
Mount Vernon,2020-02-09 08:00,PST,28500,19.44
Mount Vernon,2020-02-09 08:15,PST,28400,19.4
Mount Vernon,2020-02-09 08:30,PST,28400,19.4
Mount Vernon,2020-02-09 08:45,PST,28300,19.38
Mount Vernon,2020-02-09 09:00,PST,28300,19.36
Mount Vernon,2020-02-09 09:15,PST,28200,19.34
Mount Vernon,2020-02-09 09:30,PST,28100,19.32
Mount Vernon,2020-02-09 09:45,PST,28100,19.3
Mount Vernon,2020-02-09 10:00,PST,28100,19.29
Mount Vernon,2020-02-09 10:15,PST,27900,19.25
Mount Vernon,2020-02-09 10:30,PST,27800,19.22
Mount Vernon,2020-02-09 10:45,PST,27800,19.22
Mount Vernon,2020-02-09 11:00,PST,27700,19.18
Mount Vernon,2020-02-09 11:15,PST,27700,19.17
Mount Vernon,2020-02-09 11:30,PST,27600,19.16
Mount Vernon,2020-02-09 11:45,PST,27600,19.14
Mount Vernon,2020-02-09 12:00,PST,27500,19.11
Mount Vernon,2020-02-09 12:15,PST,27400,19.1
Mount Vernon,2020-02-09 12:30,PST,27400,19.08
Mount Vernon,2020-02-09 12:45,PST,27400,19.08
Mount Vernon,2020-02-09 13:00,PST,27300,19.05
Mount Vernon,2020-02-09 13:15,PST,27200,19.04
Mount Vernon,2020-02-09 13:30,PST,27100,19.01
Mount Vernon,2020-02-09 13:45,PST,27100,19.0
Mount Vernon,2020-02-09 14:00,PST,27100,18.98
Mount Vernon,2020-02-09 14:15,PST,27000,18.96
Mount Vernon,2020-02-09 14:30,PST,27000,18.95
Mount Vernon,2020-02-09 14:45,PST,26900,18.94
Mount Vernon,2020-02-09 15:00,PST,26800,18.91
Mount Vernon,2020-02-09 15:15,PST,26800,18.9
Mount Vernon,2020-02-09 15:30,PST,26700,18.88
Mount Vernon,2020-02-09 15:45,PST,26700,18.87
Mount Vernon,2020-02-09 16:00,PST,26600,18.85
Mount Vernon,2020-02-09 16:15,PST,26600,18.85
Mount Vernon,2020-02-09 16:30,PST,26600,18.85
Mount Vernon,2020-02-09 16:45,PST,26500,18.81
Mount Vernon,2020-02-09 17:00,PST,26500,18.81
Mount Vernon,2020-02-09 17:15,PST,26400,18.78
Mount Vernon,2020-02-09 17:30,PST,26400,18.77
Mount Vernon,2020-02-09 17:45,PST,26400,18.76
Mount Vernon,2020-02-09 18:00,PST,26300,18.75
Mount Vernon,2020-02-09 18:15,PST,26300,18.75
Mount Vernon,2020-02-09 18:30,PST,26200,18.72
Mount Vernon,2020-02-09 18:45,PST,26200,18.71
Mount Vernon,2020-02-09 19:00,PST,26200,18.7
Mount Vernon,2020-02-09 19:15,PST,26100,18.69
Mount Vernon,2020-02-09 19:30,PST,26100,18.68
Mount Vernon,2020-02-09 19:45,PST,26000,18.66
Mount Vernon,2020-02-09 20:00,PST,25900,18.63
Mount Vernon,2020-02-09 20:15,PST,25900,18.63
Mount Vernon,2020-02-09 20:30,PST,25900,18.62
Mount Vernon,2020-02-09 20:45,PST,25900,18.6
Mount Vernon,2020-02-09 21:00,PST,25800,18.59
Mount Vernon,2020-02-09 21:15,PST,25700,18.56
Mount Vernon,2020-02-09 21:30,PST,25700,18.56
Mount Vernon,2020-02-09 21:45,PST,25700,18.56
Mount Vernon,2020-02-09 22:00,PST,25700,18.54
Mount Vernon,2020-02-09 22:15,PST,25600,18.52
Mount Vernon,2020-02-09 22:30,PST,25600,18.51
Mount Vernon,2020-02-09 22:45,PST,25500,18.5
Mount Vernon,2020-02-09 23:00,PST,25500,18.48
Mount Vernon,2020-02-09 23:15,PST,25500,18.48
Mount Vernon,2020-02-09 23:30,PST,25500,18.47
Mount Vernon,2020-02-09 23:45,PST,25500,18.47
Mount Vernon,2020-02-10 00:00,PST,25400,18.45
Mount Vernon,2020-02-10 00:15,PST,25300,18.43
Mount Vernon,2020-02-10 00:30,PST,25300,18.43
Mount Vernon,2020-02-10 00:45,PST,25400,18.44
Mount Vernon,2020-02-10 01:00,PST,25300,18.42
Mount Vernon,2020-02-10 01:15,PST,25300,18.43
Mount Vernon,2020-02-10 01:30,PST,25400,18.44
Mount Vernon,2020-02-10 01:45,PST,25400,18.44
Mount Vernon,2020-02-10 02:00,PST,25400,18.46
Mount Vernon,2020-02-10 02:15,PST,25500,18.48
Mount Vernon,2020-02-10 02:30,PST,25500,18.47
Mount Vernon,2020-02-10 02:45,PST,25500,18.5
Mount Vernon,2020-02-10 03:00,PST,25600,18.51
Mount Vernon,2020-02-10 03:15,PST,25600,18.52
Mount Vernon,2020-02-10 03:30,PST,25600,18.52
Mount Vernon,2020-02-10 03:45,PST,25700,18.54
Mount Vernon,2020-02-10 04:00,PST,25700,18.56
Mount Vernon,2020-02-10 04:15,PST,25700,18.56
Mount Vernon,2020-02-10 04:30,PST,25700,18.54
Mount Vernon,2020-02-10 04:45,PST,25700,18.56
Mount Vernon,2020-02-10 05:00,PST,25800,18.59
Mount Vernon,2020-02-10 05:15,PST,25800,18.57
Mount Vernon,2020-02-10 05:30,PST,25800,18.58
Mount Vernon,2020-02-10 05:45,PST,25800,18.58
Mount Vernon,2020-02-10 06:00,PST,25800,18.59
Mount Vernon,2020-02-10 06:15,PST,25800,18.58
Mount Vernon,2020-02-10 06:30,PST,25800,18.59
Mount Vernon,2020-02-10 06:45,PST,25800,18.59
Mount Vernon,2020-02-10 07:00,PST,25800,18.58
Mount Vernon,2020-02-10 07:15,PST,25800,18.58
Mount Vernon,2020-02-10 07:30,PST,25700,18.56
Mount Vernon,2020-02-10 07:45,PST,25700,18.54
Mount Vernon,2020-02-10 08:00,PST,25700,18.55
Mount Vernon,2020-02-10 08:15,PST,25700,18.56
Mount Vernon,2020-02-10 08:30,PST,25600,18.52
Mount Vernon,2020-02-10 08:45,PST,25600,18.52
Mount Vernon,2020-02-10 09:00,PST,25600,18.52
Mount Vernon,2020-02-10 09:15,PST,25600,18.52
Mount Vernon,2020-02-10 09:30,PST,25500,18.5
Mount Vernon,2020-02-10 09:45,PST,25500,18.48
Mount Vernon,2020-02-10 10:00,PST,25500,18.49
Mount Vernon,2020-02-10 10:15,PST,25500,18.48
Mount Vernon,2020-02-10 10:30,PST,25500,18.48
Mount Vernon,2020-02-10 10:45,PST,25500,18.5
Mount Vernon,2020-02-10 11:00,PST,25500,18.5
Mount Vernon,2020-02-10 11:15,PST,25600,18.52
Mount Vernon,2020-02-10 11:30,PST,25700,18.54
Mount Vernon,2020-02-10 11:45,PST,25700,18.56
Mount Vernon,2020-02-10 12:00,PST,25800,18.58
Mount Vernon,2020-02-10 12:15,PST,25900,18.62
Mount Vernon,2020-02-10 12:30,PST,26000,18.64
Mount Vernon,2020-02-10 12:45,PST,26100,18.69
Mount Vernon,2020-02-10 13:00,PST,26200,18.71
Mount Vernon,2020-02-10 13:15,PST,26300,18.73
Mount Vernon,2020-02-10 13:30,PST,26300,18.75
Mount Vernon,2020-02-10 13:45,PST,26400,18.78
Mount Vernon,2020-02-10 14:00,PST,26500,18.8
Mount Vernon,2020-02-10 14:15,PST,26500,18.81
Mount Vernon,2020-02-10 14:30,PST,26600,18.84
Mount Vernon,2020-02-10 14:45,PST,26600,18.85
Mount Vernon,2020-02-10 15:00,PST,26600,18.85
Mount Vernon,2020-02-10 15:15,PST,26700,18.87
Mount Vernon,2020-02-10 15:30,PST,26700,18.87
Mount Vernon,2020-02-10 15:45,PST,26700,18.86
Mount Vernon,2020-02-10 16:00,PST,26600,18.85
Mount Vernon,2020-02-10 16:15,PST,26600,18.84
Mount Vernon,2020-02-10 16:30,PST,26600,18.83
Mount Vernon,2020-02-10 16:45,PST,26600,18.83
Mount Vernon,2020-02-10 17:00,PST,26500,18.81
Mount Vernon,2020-02-10 17:15,PST,26400,18.78
Mount Vernon,2020-02-10 17:30,PST,26400,18.77
Mount Vernon,2020-02-10 17:45,PST,26300,18.73
Mount Vernon,2020-02-10 18:00,PST,26200,18.7
Mount Vernon,2020-02-10 18:15,PST,26100,18.67
Mount Vernon,2020-02-10 18:30,PST,25900,18.63
Mount Vernon,2020-02-10 18:45,PST,25800,18.59
Mount Vernon,2020-02-10 19:00,PST,25700,18.56
Mount Vernon,2020-02-10 19:15,PST,25600,18.52
Mount Vernon,2020-02-10 19:30,PST,25500,18.49
Mount Vernon,2020-02-10 19:45,PST,25300,18.41
Mount Vernon,2020-02-10 20:00,PST,25100,18.37
Mount Vernon,2020-02-10 20:15,PST,25000,18.33
Mount Vernon,2020-02-10 20:30,PST,24900,18.29
Mount Vernon,2020-02-10 20:45,PST,24700,18.24
Mount Vernon,2020-02-10 21:00,PST,24600,18.19
Mount Vernon,2020-02-10 21:15,PST,24500,18.16
Mount Vernon,2020-02-10 21:30,PST,24300,18.1
Mount Vernon,2020-02-10 21:45,PST,24200,18.05
Mount Vernon,2020-02-10 22:00,PST,24100,18.02
Mount Vernon,2020-02-10 22:15,PST,24000,17.98
Mount Vernon,2020-02-10 22:30,PST,23800,17.93
Mount Vernon,2020-02-10 22:45,PST,23700,17.9
Mount Vernon,2020-02-10 23:00,PST,23600,17.87
Mount Vernon,2020-02-10 23:15,PST,23500,17.84
Mount Vernon,2020-02-10 23:30,PST,23500,17.81
Mount Vernon,2020-02-10 23:45,PST,23300,17.77
Mount Vernon,2020-02-11 00:00,PST,23300,17.74
Mount Vernon,2020-02-11 00:15,PST,23300,17.74
Mount Vernon,2020-02-11 00:30,PST,23100,17.7
Mount Vernon,2020-02-11 00:45,PST,23000,17.67
Mount Vernon,2020-02-11 01:00,PST,23000,17.67
Mount Vernon,2020-02-11 01:15,PST,22900,17.63
Mount Vernon,2020-02-11 01:30,PST,22900,17.62
Mount Vernon,2020-02-11 01:45,PST,22800,17.59
Mount Vernon,2020-02-11 02:00,PST,22800,17.58
Mount Vernon,2020-02-11 02:15,PST,22700,17.56
Mount Vernon,2020-02-11 02:30,PST,22700,17.56
Mount Vernon,2020-02-11 02:45,PST,22600,17.53
Mount Vernon,2020-02-11 03:00,PST,22600,17.53
Mount Vernon,2020-02-11 03:15,PST,22600,17.52
Mount Vernon,2020-02-11 03:30,PST,22600,17.51
Mount Vernon,2020-02-11 03:45,PST,22500,17.49
Mount Vernon,2020-02-11 04:00,PST,22500,17.48
Mount Vernon,2020-02-11 04:15,PST,22500,17.47
Mount Vernon,2020-02-11 04:30,PST,22500,17.47
Mount Vernon,2020-02-11 04:45,PST,22400,17.46
Mount Vernon,2020-02-11 05:00,PST,22400,17.45
Mount Vernon,2020-02-11 05:15,PST,22400,17.45
Mount Vernon,2020-02-11 05:30,PST,22300,17.42
Mount Vernon,2020-02-11 05:45,PST,22400,17.44
Mount Vernon,2020-02-11 06:00,PST,22300,17.41
Mount Vernon,2020-02-11 06:15,PST,22300,17.41
Mount Vernon,2020-02-11 06:30,PST,22300,17.41
Mount Vernon,2020-02-11 06:45,PST,22300,17.41
Mount Vernon,2020-02-11 07:00,PST,22200,17.38
Mount Vernon,2020-02-11 07:15,PST,22300,17.4
Mount Vernon,2020-02-11 07:30,PST,22300,17.4
Mount Vernon,2020-02-11 07:45,PST,22200,17.38
Mount Vernon,2020-02-11 08:00,PST,22200,17.37
Mount Vernon,2020-02-11 08:15,PST,22200,17.36
Mount Vernon,2020-02-11 08:30,PST,22200,17.36
Mount Vernon,2020-02-11 08:45,PST,22100,17.35
Mount Vernon,2020-02-11 09:00,PST,22200,17.36
Mount Vernon,2020-02-11 09:15,PST,22100,17.35
Mount Vernon,2020-02-11 09:30,PST,22100,17.34
Mount Vernon,2020-02-11 09:45,PST,22100,17.34
Mount Vernon,2020-02-11 10:00,PST,22000,17.32
Mount Vernon,2020-02-11 10:15,PST,22000,17.31
Mount Vernon,2020-02-11 10:30,PST,22000,17.3
Mount Vernon,2020-02-11 10:45,PST,22000,17.3
Mount Vernon,2020-02-11 11:00,PST,22000,17.29
Mount Vernon,2020-02-11 11:15,PST,21900,17.28
Mount Vernon,2020-02-11 11:30,PST,22000,17.29
Mount Vernon,2020-02-11 11:45,PST,21900,17.27
Mount Vernon,2020-02-11 12:00,PST,21900,17.27
Mount Vernon,2020-02-11 12:15,PST,21900,17.28
Mount Vernon,2020-02-11 12:30,PST,21900,17.26
Mount Vernon,2020-02-11 12:45,PST,21900,17.27
Mount Vernon,2020-02-11 13:00,PST,21900,17.26
Mount Vernon,2020-02-11 13:15,PST,21800,17.23
Mount Vernon,2020-02-11 13:30,PST,21800,17.25
Mount Vernon,2020-02-11 13:45,PST,21800,17.23
Mount Vernon,2020-02-11 14:00,PST,21800,17.23
Mount Vernon,2020-02-11 14:15,PST,21800,17.23
Mount Vernon,2020-02-11 14:30,PST,21800,17.22
Mount Vernon,2020-02-11 14:45,PST,21800,17.22
Mount Vernon,2020-02-11 15:00,PST,21700,17.21
Mount Vernon,2020-02-11 15:15,PST,21800,17.23
Mount Vernon,2020-02-11 15:30,PST,21700,17.21
Mount Vernon,2020-02-11 15:45,PST,21800,17.24
Mount Vernon,2020-02-11 16:00,PST,21800,17.25
Mount Vernon,2020-02-11 16:15,PST,21900,17.26
Mount Vernon,2020-02-11 16:30,PST,21900,17.26
Mount Vernon,2020-02-11 16:45,PST,21900,17.28
Mount Vernon,2020-02-11 17:00,PST,22000,17.29
Mount Vernon,2020-02-11 17:15,PST,22000,17.3
Mount Vernon,2020-02-11 17:30,PST,22000,17.31
Mount Vernon,2020-02-11 17:45,PST,22000,17.31
Mount Vernon,2020-02-11 18:00,PST,22000,17.3
Mount Vernon,2020-02-11 18:15,PST,22000,17.32
Mount Vernon,2020-02-11 18:30,PST,22000,17.31
Mount Vernon,2020-02-11 18:45,PST,21900,17.28
Mount Vernon,2020-02-11 19:00,PST,21900,17.27
Mount Vernon,2020-02-11 19:15,PST,21800,17.25
Mount Vernon,2020-02-11 19:30,PST,21800,17.22
Mount Vernon,2020-02-11 19:45,PST,21700,17.19
Mount Vernon,2020-02-11 20:00,PST,21600,17.16
Mount Vernon,2020-02-11 20:15,PST,21500,17.12
Mount Vernon,2020-02-11 20:30,PST,21400,17.08
Mount Vernon,2020-02-11 20:45,PST,21300,17.05
Mount Vernon,2020-02-11 21:00,PST,21200,17.02
Mount Vernon,2020-02-11 21:15,PST,21100,16.98
Mount Vernon,2020-02-11 21:30,PST,21000,16.95
Mount Vernon,2020-02-11 21:45,PST,20900,16.91
Mount Vernon,2020-02-11 22:00,PST,20900,16.91
Mount Vernon,2020-02-11 22:15,PST,20700,16.86
Mount Vernon,2020-02-11 22:30,PST,20700,16.83
Mount Vernon,2020-02-11 22:45,PST,20600,16.82
Mount Vernon,2020-02-11 23:00,PST,20500,16.78
Mount Vernon,2020-02-11 23:15,PST,20400,16.75
Mount Vernon,2020-02-11 23:30,PST,20400,16.74
Mount Vernon,2020-02-11 23:45,PST,20400,16.73
Mount Vernon,2020-02-12 00:00,PST,20300,16.7
Mount Vernon,2020-02-12 00:15,PST,20300,16.68
Mount Vernon,2020-02-12 00:30,PST,20300,16.68
Mount Vernon,2020-02-12 00:45,PST,20200,16.65
Mount Vernon,2020-02-12 01:00,PST,20200,16.65
Mount Vernon,2020-02-12 01:15,PST,20100,16.64
Mount Vernon,2020-02-12 01:30,PST,20100,16.63
Mount Vernon,2020-02-12 01:45,PST,20100,16.61
Mount Vernon,2020-02-12 02:00,PST,20100,16.61
Mount Vernon,2020-02-12 02:15,PST,20000,16.6
Mount Vernon,2020-02-12 02:30,PST,20000,16.59
Mount Vernon,2020-02-12 02:45,PST,20000,16.6
Mount Vernon,2020-02-12 03:00,PST,20000,16.58
Mount Vernon,2020-02-12 03:15,PST,20000,16.57
Mount Vernon,2020-02-12 03:30,PST,20000,16.57
Mount Vernon,2020-02-12 03:45,PST,20000,16.57
Mount Vernon,2020-02-12 04:00,PST,20000,16.57
Mount Vernon,2020-02-12 04:15,PST,20000,16.57
Mount Vernon,2020-02-12 04:30,PST,19900,16.54
Mount Vernon,2020-02-12 04:45,PST,19900,16.56
Mount Vernon,2020-02-12 05:00,PST,19900,16.56
Mount Vernon,2020-02-12 05:15,PST,19900,16.54
Mount Vernon,2020-02-12 05:30,PST,19800,16.53
Mount Vernon,2020-02-12 05:45,PST,19800,16.52
Mount Vernon,2020-02-12 06:00,PST,19800,16.5
Mount Vernon,2020-02-12 06:15,PST,19800,16.51
Mount Vernon,2020-02-12 06:30,PST,19800,16.51
Mount Vernon,2020-02-12 06:45,PST,19800,16.5
Mount Vernon,2020-02-12 07:00,PST,19800,16.5
Mount Vernon,2020-02-12 07:15,PST,19700,16.49
Mount Vernon,2020-02-12 07:30,PST,19700,16.48
Mount Vernon,2020-02-12 07:45,PST,19700,16.47
Mount Vernon,2020-02-12 08:00,PST,19700,16.47
Mount Vernon,2020-02-12 08:15,PST,19700,16.48
Mount Vernon,2020-02-12 08:30,PST,19600,16.44
Mount Vernon,2020-02-12 08:45,PST,19600,16.45
Mount Vernon,2020-02-12 09:00,PST,19600,16.45
Mount Vernon,2020-02-12 09:15,PST,19600,16.44
Mount Vernon,2020-02-12 09:30,PST,19600,16.44
Mount Vernon,2020-02-12 09:45,PST,19600,16.43
Mount Vernon,2020-02-12 10:00,PST,19500,16.41
Mount Vernon,2020-02-12 10:15,PST,19600,16.42
Mount Vernon,2020-02-12 10:30,PST,19600,16.42
Mount Vernon,2020-02-12 10:45,PST,19600,16.43
Mount Vernon,2020-02-12 11:00,PST,19700,16.46
Mount Vernon,2020-02-12 11:15,PST,19700,16.48
Mount Vernon,2020-02-12 11:30,PST,19800,16.52
Mount Vernon,2020-02-12 11:45,PST,20000,16.57
Mount Vernon,2020-02-12 12:00,PST,20100,16.63
Mount Vernon,2020-02-12 12:15,PST,20300,16.68
Mount Vernon,2020-02-12 12:30,PST,20400,16.72
Mount Vernon,2020-02-12 12:45,PST,20600,16.82
Mount Vernon,2020-02-12 13:00,PST,20700,16.86
Mount Vernon,2020-02-12 13:15,PST,21000,16.94
Mount Vernon,2020-02-12 13:30,PST,21100,16.99
Mount Vernon,2020-02-12 13:45,PST,21200,17.03
Mount Vernon,2020-02-12 14:00,PST,21400,17.1
Mount Vernon,2020-02-12 14:15,PST,21600,17.15
Mount Vernon,2020-02-12 14:30,PST,21600,17.17
Mount Vernon,2020-02-12 14:45,PST,21800,17.22
Mount Vernon,2020-02-12 15:00,PST,21900,17.26
Mount Vernon,2020-02-12 15:15,PST,22000,17.29
Mount Vernon,2020-02-12 15:30,PST,22100,17.33
Mount Vernon,2020-02-12 15:45,PST,22200,17.36
Mount Vernon,2020-02-12 16:00,PST,22200,17.38
Mount Vernon,2020-02-12 16:15,PST,22200,17.38
Mount Vernon,2020-02-12 16:30,PST,22300,17.4
Mount Vernon,2020-02-12 16:45,PST,22300,17.4
Mount Vernon,2020-02-12 17:00,PST,22400,17.44
Mount Vernon,2020-02-12 17:15,PST,22400,17.46
Mount Vernon,2020-02-12 17:30,PST,22400,17.46
Mount Vernon,2020-02-12 17:45,PST,22400,17.46
Mount Vernon,2020-02-12 18:00,PST,22500,17.49
Mount Vernon,2020-02-12 18:15,PST,22600,17.5
Mount Vernon,2020-02-12 18:30,PST,22600,17.5
Mount Vernon,2020-02-12 18:45,PST,22600,17.51
Mount Vernon,2020-02-12 19:00,PST,22600,17.51
Mount Vernon,2020-02-12 19:15,PST,22600,17.51
Mount Vernon,2020-02-12 19:30,PST,22600,17.52
Mount Vernon,2020-02-12 19:45,PST,22600,17.51
Mount Vernon,2020-02-12 20:00,PST,22600,17.52
Mount Vernon,2020-02-12 20:15,PST,22600,17.52
Mount Vernon,2020-02-12 20:30,PST,22600,17.52
Mount Vernon,2020-02-12 20:45,PST,22600,17.51
Mount Vernon,2020-02-12 21:00,PST,22600,17.52
Mount Vernon,2020-02-12 21:15,PST,22600,17.52
Mount Vernon,2020-02-12 21:30,PST,22600,17.51
Mount Vernon,2020-02-12 21:45,PST,22600,17.52
Mount Vernon,2020-02-12 22:00,PST,22600,17.5
Mount Vernon,2020-02-12 22:15,PST,22500,17.48
Mount Vernon,2020-02-12 22:30,PST,22600,17.5
Mount Vernon,2020-02-12 22:45,PST,22600,17.5
Mount Vernon,2020-02-12 23:00,PST,22500,17.49
Mount Vernon,2020-02-12 23:15,PST,22500,17.49
Mount Vernon,2020-02-12 23:30,PST,22500,17.48
Mount Vernon,2020-02-12 23:45,PST,22500,17.47
Mount Vernon,2020-02-13 00:00,PST,22500,17.47
Mount Vernon,2020-02-13 00:15,PST,22400,17.46
Mount Vernon,2020-02-13 00:30,PST,22500,17.47
Mount Vernon,2020-02-13 00:45,PST,22400,17.46
Mount Vernon,2020-02-13 01:00,PST,22400,17.46
Mount Vernon,2020-02-13 01:15,PST,22400,17.45
Mount Vernon,2020-02-13 01:30,PST,22400,17.45
Mount Vernon,2020-02-13 01:45,PST,22400,17.45
Mount Vernon,2020-02-13 02:00,PST,22300,17.42
Mount Vernon,2020-02-13 02:15,PST,22300,17.42
Mount Vernon,2020-02-13 02:30,PST,22300,17.42
Mount Vernon,2020-02-13 02:45,PST,22300,17.41
Mount Vernon,2020-02-13 03:00,PST,22400,17.44
Mount Vernon,2020-02-13 03:15,PST,22400,17.43
Mount Vernon,2020-02-13 03:30,PST,22300,17.42
Mount Vernon,2020-02-13 03:45,PST,22300,17.42
Mount Vernon,2020-02-13 04:00,PST,22300,17.41
Mount Vernon,2020-02-13 04:15,PST,22300,17.41
Mount Vernon,2020-02-13 04:30,PST,22300,17.4
Mount Vernon,2020-02-13 04:45,PST,22300,17.41
Mount Vernon,2020-02-13 05:00,PST,22300,17.4
Mount Vernon,2020-02-13 05:15,PST,22300,17.4
Mount Vernon,2020-02-13 05:30,PST,22200,17.39
Mount Vernon,2020-02-13 05:45,PST,22200,17.38
Mount Vernon,2020-02-13 06:00,PST,22200,17.39
Mount Vernon,2020-02-13 06:15,PST,22200,17.37
Mount Vernon,2020-02-13 06:30,PST,22200,17.39
Mount Vernon,2020-02-13 06:45,PST,22200,17.38
Mount Vernon,2020-02-13 07:00,PST,22200,17.37
Mount Vernon,2020-02-13 07:15,PST,22200,17.37
Mount Vernon,2020-02-13 07:30,PST,22200,17.36
Mount Vernon,2020-02-13 07:45,PST,22100,17.35
Mount Vernon,2020-02-13 08:00,PST,22200,17.37
Mount Vernon,2020-02-13 08:15,PST,22200,17.36
Mount Vernon,2020-02-13 08:30,PST,22200,17.36
Mount Vernon,2020-02-13 08:45,PST,22200,17.37
Mount Vernon,2020-02-13 09:00,PST,22200,17.36
Mount Vernon,2020-02-13 09:15,PST,22200,17.37
Mount Vernon,2020-02-13 09:30,PST,22200,17.37
Mount Vernon,2020-02-13 09:45,PST,22200,17.37
Mount Vernon,2020-02-13 10:00,PST,22200,17.36
Mount Vernon,2020-02-13 10:15,PST,22200,17.37
Mount Vernon,2020-02-13 10:30,PST,22100,17.34
Mount Vernon,2020-02-13 10:45,PST,22100,17.33
Mount Vernon,2020-02-13 11:00,PST,22100,17.33
Mount Vernon,2020-02-13 11:15,PST,22100,17.34
Mount Vernon,2020-02-13 11:30,PST,22100,17.33
Mount Vernon,2020-02-13 11:45,PST,22100,17.33
Mount Vernon,2020-02-13 12:00,PST,22000,17.3
Mount Vernon,2020-02-13 12:15,PST,22000,17.31
Mount Vernon,2020-02-13 12:30,PST,22000,17.31
Mount Vernon,2020-02-13 12:45,PST,22000,17.3
Mount Vernon,2020-02-13 13:00,PST,22000,17.29
Mount Vernon,2020-02-13 13:15,PST,22000,17.29
Mount Vernon,2020-02-13 13:30,PST,22000,17.3
Mount Vernon,2020-02-13 13:45,PST,22000,17.3
Mount Vernon,2020-02-13 14:00,PST,21900,17.27
Mount Vernon,2020-02-13 14:15,PST,22000,17.3
Mount Vernon,2020-02-13 14:30,PST,22000,17.29
Mount Vernon,2020-02-13 14:45,PST,22000,17.29
Mount Vernon,2020-02-13 15:00,PST,21900,17.28
Mount Vernon,2020-02-13 15:15,PST,21900,17.28
Mount Vernon,2020-02-13 15:30,PST,22000,17.29
Mount Vernon,2020-02-13 15:45,PST,21900,17.28
Mount Vernon,2020-02-13 16:00,PST,21900,17.27
Mount Vernon,2020-02-13 16:15,PST,21900,17.26
Mount Vernon,2020-02-13 16:30,PST,21900,17.27
Mount Vernon,2020-02-13 16:45,PST,21800,17.24
Mount Vernon,2020-02-13 17:00,PST,21800,17.25
Mount Vernon,2020-02-13 17:15,PST,21800,17.25
Mount Vernon,2020-02-13 17:30,PST,21800,17.25
Mount Vernon,2020-02-13 17:45,PST,21800,17.25
Mount Vernon,2020-02-13 18:00,PST,21800,17.25
Mount Vernon,2020-02-13 18:15,PST,21800,17.23
Mount Vernon,2020-02-13 18:30,PST,21800,17.22
Mount Vernon,2020-02-13 18:45,PST,21800,17.23
Mount Vernon,2020-02-13 19:00,PST,21800,17.23
Mount Vernon,2020-02-13 19:15,PST,21800,17.22
Mount Vernon,2020-02-13 19:30,PST,21800,17.24
Mount Vernon,2020-02-13 19:45,PST,21800,17.22
Mount Vernon,2020-02-13 20:00,PST,21800,17.23
Mount Vernon,2020-02-13 20:15,PST,21700,17.21
Mount Vernon,2020-02-13 20:30,PST,21800,17.22
Mount Vernon,2020-02-13 20:45,PST,21700,17.2
Mount Vernon,2020-02-13 21:00,PST,21700,17.21
Mount Vernon,2020-02-13 21:15,PST,21700,17.2
Mount Vernon,2020-02-13 21:30,PST,21600,17.18
Mount Vernon,2020-02-13 21:45,PST,21700,17.2
Mount Vernon,2020-02-13 22:00,PST,21700,17.19
Mount Vernon,2020-02-13 22:15,PST,21600,17.18
Mount Vernon,2020-02-13 22:30,PST,21700,17.19
Mount Vernon,2020-02-13 22:45,PST,21700,17.19
Mount Vernon,2020-02-13 23:00,PST,21700,17.2
Mount Vernon,2020-02-13 23:15,PST,21700,17.2
Mount Vernon,2020-02-13 23:30,PST,21700,17.21
Mount Vernon,2020-02-13 23:45,PST,21700,17.2
Mount Vernon,2020-02-14 00:00,PST,21700,17.2
Mount Vernon,2020-02-14 00:15,PST,21700,17.21
Mount Vernon,2020-02-14 00:30,PST,21600,17.18
Mount Vernon,2020-02-14 00:45,PST,21700,17.2
Mount Vernon,2020-02-14 01:00,PST,21700,17.21
Mount Vernon,2020-02-14 01:15,PST,21700,17.19
Mount Vernon,2020-02-14 01:30,PST,21700,17.19
Mount Vernon,2020-02-14 01:45,PST,21700,17.2
Mount Vernon,2020-02-14 02:00,PST,21600,17.18
Mount Vernon,2020-02-14 02:15,PST,21700,17.19
Mount Vernon,2020-02-14 02:30,PST,21700,17.21
Mount Vernon,2020-02-14 02:45,PST,21700,17.2
Mount Vernon,2020-02-14 03:00,PST,21600,17.16
Mount Vernon,2020-02-14 03:15,PST,21600,17.16
Mount Vernon,2020-02-14 03:30,PST,21600,17.16
Mount Vernon,2020-02-14 03:45,PST,21500,17.12
Mount Vernon,2020-02-14 04:00,PST,21400,17.11
Mount Vernon,2020-02-14 04:15,PST,21400,17.09
Mount Vernon,2020-02-14 04:30,PST,21300,17.05
Mount Vernon,2020-02-14 04:45,PST,21200,17.04
Mount Vernon,2020-02-14 05:00,PST,21200,17.01
Mount Vernon,2020-02-14 05:15,PST,21100,16.98
Mount Vernon,2020-02-14 05:30,PST,21000,16.95
Mount Vernon,2020-02-14 05:45,PST,20900,16.91
Mount Vernon,2020-02-14 06:00,PST,20700,16.86
Mount Vernon,2020-02-14 06:15,PST,20700,16.83
Mount Vernon,2020-02-14 06:30,PST,20600,16.81
Mount Vernon,2020-02-14 06:45,PST,20500,16.76
Mount Vernon,2020-02-14 07:00,PST,20400,16.72
Mount Vernon,2020-02-14 07:15,PST,20300,16.69
Mount Vernon,2020-02-14 07:30,PST,20100,16.62
Mount Vernon,2020-02-14 07:45,PST,20000,16.6
Mount Vernon,2020-02-14 08:00,PST,19800,16.53
Mount Vernon,2020-02-14 08:15,PST,19700,16.49
Mount Vernon,2020-02-14 08:30,PST,19700,16.46
Mount Vernon,2020-02-14 08:45,PST,19600,16.43
Mount Vernon,2020-02-14 09:00,PST,19400,16.38
Mount Vernon,2020-02-14 09:15,PST,19300,16.34
Mount Vernon,2020-02-14 09:30,PST,19200,16.29
Mount Vernon,2020-02-14 09:45,PST,19000,16.23
Mount Vernon,2020-02-14 10:00,PST,19000,16.21
Mount Vernon,2020-02-14 10:15,PST,18900,16.17
Mount Vernon,2020-02-14 10:30,PST,18800,16.13
Mount Vernon,2020-02-14 10:45,PST,18700,16.11
Mount Vernon,2020-02-14 11:00,PST,18700,16.08
Mount Vernon,2020-02-14 11:15,PST,18600,16.04
Mount Vernon,2020-02-14 11:30,PST,18500,16.01
Mount Vernon,2020-02-14 11:45,PST,18400,15.97
Mount Vernon,2020-02-14 12:00,PST,18300,15.95
Mount Vernon,2020-02-14 12:15,PST,18300,15.93
Mount Vernon,2020-02-14 12:30,PST,18200,15.9
Mount Vernon,2020-02-14 12:45,PST,18100,15.88
Mount Vernon,2020-02-14 13:00,PST,18100,15.86
Mount Vernon,2020-02-14 13:15,PST,18000,15.85
Mount Vernon,2020-02-14 13:30,PST,18000,15.83
Mount Vernon,2020-02-14 13:45,PST,18000,15.82
Mount Vernon,2020-02-14 14:00,PST,17900,15.81
Mount Vernon,2020-02-14 14:15,PST,17900,15.79
Mount Vernon,2020-02-14 14:30,PST,17800,15.76
Mount Vernon,2020-02-14 14:45,PST,17800,15.76
Mount Vernon,2020-02-14 15:00,PST,17800,15.77
Mount Vernon,2020-02-14 15:15,PST,17800,15.76
Mount Vernon,2020-02-14 15:30,PST,17700,15.74
Mount Vernon,2020-02-14 15:45,PST,17700,15.74
Mount Vernon,2020-02-14 16:00,PST,17700,15.73
Mount Vernon,2020-02-14 16:15,PST,17700,15.71
Mount Vernon,2020-02-14 16:30,PST,17700,15.73
Mount Vernon,2020-02-14 16:45,PST,17700,15.72
Mount Vernon,2020-02-14 17:00,PST,17700,15.73
Mount Vernon,2020-02-14 17:15,PST,17600,15.7
Mount Vernon,2020-02-14 17:30,PST,17600,15.69
Mount Vernon,2020-02-14 17:45,PST,17600,15.69
Mount Vernon,2020-02-14 18:00,PST,17600,15.69
Mount Vernon,2020-02-14 18:15,PST,17600,15.69
Mount Vernon,2020-02-14 18:30,PST,17600,15.69
Mount Vernon,2020-02-14 18:45,PST,17600,15.69
Mount Vernon,2020-02-14 19:00,PST,17600,15.68
Mount Vernon,2020-02-14 19:15,PST,17600,15.68
Mount Vernon,2020-02-14 19:30,PST,17600,15.68
Mount Vernon,2020-02-14 19:45,PST,17500,15.66
Mount Vernon,2020-02-14 20:00,PST,17500,15.65
Mount Vernon,2020-02-14 20:15,PST,17500,15.66
Mount Vernon,2020-02-14 20:30,PST,17500,15.66
Mount Vernon,2020-02-14 20:45,PST,17500,15.67
Mount Vernon,2020-02-14 21:00,PST,17500,15.65
Mount Vernon,2020-02-14 21:15,PST,17500,15.67
Mount Vernon,2020-02-14 21:30,PST,17400,15.63
Mount Vernon,2020-02-14 21:45,PST,17500,15.65
Mount Vernon,2020-02-14 22:00,PST,17400,15.63
Mount Vernon,2020-02-14 22:15,PST,17500,15.64
Mount Vernon,2020-02-14 22:30,PST,17500,15.64
Mount Vernon,2020-02-14 22:45,PST,17400,15.63
Mount Vernon,2020-02-14 23:00,PST,17400,15.63
Mount Vernon,2020-02-14 23:15,PST,17400,15.63
Mount Vernon,2020-02-14 23:30,PST,17400,15.63
Mount Vernon,2020-02-14 23:45,PST,17400,15.62
Mount Vernon,2020-02-15 00:00,PST,17400,15.63
Mount Vernon,2020-02-15 00:15,PST,17400,15.62
Mount Vernon,2020-02-15 00:30,PST,17400,15.62
Mount Vernon,2020-02-15 00:45,PST,17400,15.6
Mount Vernon,2020-02-15 01:00,PST,17400,15.6
Mount Vernon,2020-02-15 01:15,PST,17400,15.6
Mount Vernon,2020-02-15 01:30,PST,17300,15.59
Mount Vernon,2020-02-15 01:45,PST,17400,15.6
Mount Vernon,2020-02-15 02:00,PST,17300,15.59
Mount Vernon,2020-02-15 02:15,PST,17300,15.58
Mount Vernon,2020-02-15 02:30,PST,17300,15.58
Mount Vernon,2020-02-15 02:45,PST,17300,15.59
Mount Vernon,2020-02-15 03:00,PST,17300,15.58
Mount Vernon,2020-02-15 03:15,PST,17300,15.57
Mount Vernon,2020-02-15 03:30,PST,17300,15.58
Mount Vernon,2020-02-15 03:45,PST,17300,15.57
Mount Vernon,2020-02-15 04:00,PST,17300,15.57
Mount Vernon,2020-02-15 04:15,PST,17200,15.55
Mount Vernon,2020-02-15 04:30,PST,17300,15.57
Mount Vernon,2020-02-15 04:45,PST,17300,15.56
Mount Vernon,2020-02-15 05:00,PST,17300,15.56
Mount Vernon,2020-02-15 05:15,PST,17200,15.55
Mount Vernon,2020-02-15 05:30,PST,17200,15.54
Mount Vernon,2020-02-15 05:45,PST,17200,15.53
Mount Vernon,2020-02-15 06:00,PST,17200,15.53
Mount Vernon,2020-02-15 06:15,PST,17200,15.53
Mount Vernon,2020-02-15 06:30,PST,17200,15.53
Mount Vernon,2020-02-15 06:45,PST,17100,15.52
Mount Vernon,2020-02-15 07:00,PST,17200,15.53
Mount Vernon,2020-02-15 07:15,PST,17100,15.52
Mount Vernon,2020-02-15 07:30,PST,17100,15.5
Mount Vernon,2020-02-15 07:45,PST,17100,15.5
Mount Vernon,2020-02-15 08:00,PST,17100,15.49
Mount Vernon,2020-02-15 08:15,PST,17000,15.48
Mount Vernon,2020-02-15 08:30,PST,17000,15.48
Mount Vernon,2020-02-15 08:45,PST,17000,15.47
Mount Vernon,2020-02-15 09:00,PST,17000,15.47
Mount Vernon,2020-02-15 09:15,PST,17000,15.47
Mount Vernon,2020-02-15 09:30,PST,17000,15.48
Mount Vernon,2020-02-15 09:45,PST,17000,15.46
Mount Vernon,2020-02-15 10:00,PST,17000,15.46
Mount Vernon,2020-02-15 10:15,PST,17000,15.46
Mount Vernon,2020-02-15 10:30,PST,17000,15.46
Mount Vernon,2020-02-15 10:45,PST,17000,15.47
Mount Vernon,2020-02-15 11:00,PST,17000,15.48
Mount Vernon,2020-02-15 11:15,PST,17000,15.47
Mount Vernon,2020-02-15 11:30,PST,16900,15.43
Mount Vernon,2020-02-15 11:45,PST,17000,15.47
Mount Vernon,2020-02-15 12:00,PST,17000,15.46
Mount Vernon,2020-02-15 12:15,PST,16900,15.44
Mount Vernon,2020-02-15 12:30,PST,17000,15.45
Mount Vernon,2020-02-15 12:45,PST,16900,15.44
Mount Vernon,2020-02-15 13:00,PST,17000,15.46
Mount Vernon,2020-02-15 13:15,PST,16900,15.43
Mount Vernon,2020-02-15 13:30,PST,17000,15.45
Mount Vernon,2020-02-15 13:45,PST,17000,15.46
Mount Vernon,2020-02-15 14:00,PST,16900,15.43
Mount Vernon,2020-02-15 14:15,PST,16900,15.44
Mount Vernon,2020-02-15 14:30,PST,16900,15.44
Mount Vernon,2020-02-15 14:45,PST,16900,15.42
Mount Vernon,2020-02-15 15:00,PST,16900,15.44
Mount Vernon,2020-02-15 15:15,PST,16900,15.42
Mount Vernon,2020-02-15 15:30,PST,16900,15.44
Mount Vernon,2020-02-15 15:45,PST,16900,15.43
Mount Vernon,2020-02-15 16:00,PST,16900,15.42
Mount Vernon,2020-02-15 16:15,PST,16800,15.39
Mount Vernon,2020-02-15 16:30,PST,16900,15.41
Mount Vernon,2020-02-15 16:45,PST,16900,15.43
Mount Vernon,2020-02-15 17:00,PST,16900,15.43
Mount Vernon,2020-02-15 17:15,PST,16900,15.43
Mount Vernon,2020-02-15 17:30,PST,16900,15.41
Mount Vernon,2020-02-15 17:45,PST,16900,15.41
Mount Vernon,2020-02-15 18:00,PST,16900,15.41
Mount Vernon,2020-02-15 18:15,PST,16900,15.42
Mount Vernon,2020-02-15 18:30,PST,16900,15.42
Mount Vernon,2020-02-15 18:45,PST,16900,15.43
Mount Vernon,2020-02-15 19:00,PST,16800,15.4
Mount Vernon,2020-02-15 19:15,PST,16900,15.41
Mount Vernon,2020-02-15 19:30,PST,16900,15.42
Mount Vernon,2020-02-15 19:45,PST,16900,15.42
Mount Vernon,2020-02-15 20:00,PST,16900,15.42
Mount Vernon,2020-02-15 20:15,PST,16800,15.4
Mount Vernon,2020-02-15 20:30,PST,16800,15.39
Mount Vernon,2020-02-15 20:45,PST,16900,15.41
Mount Vernon,2020-02-15 21:00,PST,16800,15.39
Mount Vernon,2020-02-15 21:15,PST,16800,15.4
Mount Vernon,2020-02-15 21:30,PST,16800,15.4
Mount Vernon,2020-02-15 21:45,PST,16800,15.39
Mount Vernon,2020-02-15 22:00,PST,16800,15.39
Mount Vernon,2020-02-15 22:15,PST,16800,15.38
Mount Vernon,2020-02-15 22:30,PST,16800,15.38
Mount Vernon,2020-02-15 22:45,PST,16800,15.38
Mount Vernon,2020-02-15 23:00,PST,16800,15.37
Mount Vernon,2020-02-15 23:15,PST,16800,15.37
Mount Vernon,2020-02-15 23:30,PST,16800,15.37
Mount Vernon,2020-02-15 23:45,PST,16800,15.37
